package	ecosystem	downloads	versions	deps
samtools	Other	189227	17	0
bcftools	Other	131242	7	0
htslib	Other	108433	7	0
pysam	Python	104003	13	1
python-dateutil	Python	101304	2	2
galaxy-lib	Python	71190	10	4
perl-threaded	Perl	67036	1	0
involucro	Other	65649	1	0
java-jdk	Other	57963	5	0
bedtools	Other	51097	10	0
bioconductor-biocgenerics	Bioconductor	46646	7	1
pybedtools	Python	42147	10	4
bwa	Perl	41896	8	0
bioconductor-s4vectors	Bioconductor	40756	11	2
blast	Perl	40710	4	0
bioconductor-iranges	Bioconductor	40510	11	3
bioconductor-zlibbioc	Bioconductor	38701	5	1
bioconductor-biobase	Bioconductor	35688	4	2
bioconductor-xvector	Bioconductor	34787	5	5
r-futile.options	R	34774	1	1
r-lambda.r	R	34712	1	1
r-futile.logger	R	34706	1	3
r-digest	R	34015	2	2
bioconductor-genomeinfodb	Bioconductor	33930	7	4
bioconductor-genomicranges	Bioconductor	33640	10	6
bowtie2	Python	33636	8	1
biopython	Python	32689	6	4
bioconductor-biocparallel	Bioconductor	32171	6	3
bioconductor-summarizedexperiment	Bioconductor	30907	6	7
r-snow	R	29596	2	1
bioconductor-biostrings	Bioconductor	29567	8	5
fastqc	Perl	29466	5	2
picard	Python	29232	13	2
urllib3	Python	28639	1	1
r-ggplot2	R	28399	4	7
bioconductor-rsamtools	Bioconductor	26575	4	11
bioconductor-annotationdbi	Bioconductor	25522	9	7
snakemake	Python	24885	28	3
mafft	Other	24702	3	0
bioconductor-genomicalignments	Bioconductor	24469	6	10
pyvcf	Python	24274	3	1
pyfaidx	Python	24031	5	2
tbb	Other	23647	1	0
bx-python	Python	23567	4	3
cutadapt	Python	21998	8	1
pysftp	Python	21972	2	2
pybigwig	Python	19435	11	2
bamtools	Other	19419	2	0
ftputil	Python	19412	1	1
filechunkio	Python	18790	1	1
snpeff	Other	18451	13	0
bioconductor-annotate	Bioconductor	18408	4	7
mysql-connector-c	Other	18165	1	0
mysqlclient	Python	18111	3	2
dropbox	Python	18047	2	4
biom-format	Python	17917	3	4
bioconductor-genefilter	Bioconductor	17380	7	5
r-bh	R	17281	1	1
bioconductor-limma	Bioconductor	17240	14	1
trimmomatic	Other	17025	2	1
cyvcf2	Python	16730	20	5
gffutils	Python	16444	4	6
bowtie	Python	16421	4	1
muscle	Other	15680	2	0
jellyfish	Other	15326	3	1
simplejson	Python	15300	1	1
bioconductor-geneplotter	Bioconductor	15034	4	6
netifaces	Python	14977	1	2
bioconductor-deseq2	Bioconductor	14897	6	14
sambamba	Other	14649	6	0
bioconductor-biomart	Bioconductor	14581	6	4
r-tibble	R	14441	1	4
toposort	Python	14389	1	1
ucsc-bedgraphtobigwig	Other	14378	2	4
r-matrixstats	R	14128	2	1
mmtf-python	Python	14072	2	2
gnuplot	Other	13893	3	2
r-scales	R	13838	1	7
ucsc-wigtobigwig	Other	13804	2	4
perl-encode-locale	Perl	13707	1	1
kraken	Perl	13566	3	0
pyqi	Python	13497	1	2
bioconductor-genomicfeatures	Bioconductor	13489	8	15
r-locfit	R	13423	1	3
gatk	Python	13237	4	2
ucsc-bedtobigbed	Other	13081	3	4
bcbio-nextgen	Python	13062	22	48
r-magrittr	R	13042	1	1
scikit-bio	Python	12788	2	9
ipython-cluster-helper	Python	12768	9	5
diamond	Other	12715	13	0
krona	Perl	12645	4	1
bioconductor-edger	Bioconductor	12508	6	2
nglview	Python	12492	10	3
bioconductor-rtracklayer	Bioconductor	12328	6	13
novoalign	Other	12308	4	0
qiime-default-reference	Python	12183	1	2
bleach	Python	12033	1	3
viennarna	Perl	11893	16	0
multiqc	Python	11811	13	6
xopen	Python	11775	2	1
perl-yaml	Perl	11670	2	1
libffi	Other	11630	2	0
r-hwriter	R	11613	1	1
perl-uri	Perl	11569	2	2
star	Other	11542	8	0
qiime	Python	11414	1	16
perl-xml-parser	Perl	11372	1	3
perl-app-cpanminus	Perl	11351	1	1
burrito	Python	11261	1	2
r-pcapp	R	11243	1	2
cogent	Python	11138	1	7
perl-scalar-list-utils	Perl	11103	2	1
typing	Python	11097	2	1
qcli	Python	11068	1	1
r-data.table	R	11057	2	1
mummer	Perl	11050	1	1
joblib	Python	10940	1	1
r-getopt	R	10879	1	1
perl-gd	Perl	10850	1	2
hisat2	Python	10831	7	2
vsearch	Other	10812	13	0
rpy2	Python	10740	2	5
last	Python	10727	6	1
perl-html-tagset	Perl	10698	1	1
perl-io-html	Perl	10609	1	1
perl-lwp-mediatypes	Perl	10609	1	1
perl-http-date	Perl	10573	1	1
perl-html-parser	Perl	10563	1	2
perl-dbi	Perl	10563	2	1
freebayes	Python	10548	7	0
perl-digest-hmac	Perl	10534	1	1
trinity	Perl	10532	5	10
parallel	Perl	10442	3	0
r-jsonlite	R	10436	1	2
burrito-fillings	Python	10409	1	3
perl-net-ssleay	Perl	10383	2	4
bioblend	Python	10363	3	6
perl-io-socket-ssl	Perl	10283	1	2
openpyxl	Python	10277	2	1
perl-file-listing	Perl	10243	1	2
perl-http-message	Perl	10227	1	6
perl-ntlm	Perl	10201	1	2
perl-bioperl	Perl	10197	1	1
perl-http-daemon	Perl	10184	1	4
perl-www-robotrules	Perl	10180	1	2
perl-http-negotiate	Perl	10179	1	2
perl-net-http	Perl	10168	1	3
perl-cgi	Perl	10167	1	1
perl-http-cookies	Perl	10166	1	3
perl-libwww-perl	Perl	10161	1	14
pynast	Python	10154	1	3
emperor	Python	10133	1	4
r-catools	R	10010	1	3
argh	Python	9623	2	1
logbook	Python	9603	2	1
fasttree	Other	9583	2	0
bioconductor-shortread	Bioconductor	9574	3	14
prinseq	Perl	9455	1	1
bioconductor-preprocesscore	Bioconductor	9424	3	1
fadapa	Python	9400	1	1
bioconductor-bsgenome	Bioconductor	9376	4	10
seqcluster	Python	9281	7	7
bmfilter	Other	9277	1	0
bmtool	Other	9251	1	0
deeptools	Python	9169	24	7
seqtk	Other	9144	4	1
srprism	Other	9144	1	1
alignlib-lite	Python	9105	2	1
bmtagger	Other	9077	1	5
perl-exporter-tiny	Perl	9046	1	1
spades	Python	9029	9	0
r-prroc	R	8987	1	1
extract_fullseq	Other	8984	1	0
perl-list-moreutils	Perl	8941	1	2
subread	Other	8934	6	0
bioconductor-biocinstaller	Bioconductor	8775	6	1
bioconductor-dada2	Bioconductor	8722	9	11
intervaltree	Python	8717	1	2
perl-lwp-simple	Perl	8713	1	2
requests-toolbelt	Python	8702	1	2
bioconductor-dnacopy	Bioconductor	8689	4	1
bioconductor-graph	Bioconductor	8676	3	2
geneimpacts	Python	8673	14	1
gawk	Other	8616	2	0
perl-statistics-descriptive	Perl	8616	2	1
sortmerna	Other	8479	2	0
mvicuna	Other	8476	1	0
vphaser2	Other	8457	1	2
r-stringr	R	8425	1	3
rsa	Python	8381	1	2
perl-lwp-protocol-https	Perl	8373	1	3
r-rrcov	R	8259	1	6
bioconductor-tximport	Bioconductor	8186	2	1
gemini	Python	8171	13	23
perl-vcftools-vcf	Perl	8166	3	2
r-htmltools	R	8080	1	2
htseq	Python	8053	5	3
grabix	Other	7990	4	0
perl-pdf-api2	Perl	7913	1	1
cufflinks	Python	7881	1	1
macs2	Python	7819	3	2
py2bit	Python	7796	3	1
perl-xml-sax-base	Perl	7787	1	1
perl-xml-namespacesupport	Perl	7778	1	1
cnvkit	Python	7771	18	11
python-weblogo	Python	7747	1	2
perl-xml-sax	Perl	7612	1	3
r-coloc	R	7598	1	4
r-bma	R	7549	1	6
intermine	Python	7517	2	1
sra-tools	Other	7499	6	0
r-qqman	R	7444	2	1
bioconductor-hpar	Bioconductor	7407	3	1
inheritance	Python	7338	7	1
r-r.methodss3	R	7255	2	1
tophat	Python	7246	2	1
r-yaml	R	7223	1	2
ruby	Python	7206	5	2
r-pscbs	R	7205	4	9
perl-module-runtime	Perl	7114	1	1
r-r.oo	R	7094	2	2
r-listenv	R	6993	2	1
r-r.utils	R	6992	2	3
bioconductor-variantannotation	Bioconductor	6984	7	17
r-globals	R	6951	2	2
r-r.cache	R	6905	1	5
yamllint	Python	6801	1	2
manta	Python	6799	6	1
r-future	R	6798	2	3
stringtie	Python	6749	13	0
perl-xml-sax-expat	Perl	6704	1	5
r-cghflasso	R	6641	1	1
delly	Other	6639	3	0
blast-legacy	Other	6636	1	0
perl-xml-simple	Perl	6607	1	4
r-reshape2	R	6546	1	4
vcflib	Other	6529	2	0
perl-io-string	Perl	6525	1	1
samblaster	Other	6487	3	0
perl-common-sense	Perl	6435	1	1
r-deoptimr	R	6433	2	1
perl-json-xs	Perl	6350	1	2
perl-json	Perl	6346	1	2
r-rcppparallel	R	6275	2	2
bioconductor-go.db	Bioconductor	6269	4	2
hmmer	Other	6233	2	0
perl-clone	Perl	6185	1	1
autodock-vina	Other	6111	1	0
bioconductor-rhdf5	Bioconductor	6096	4	3
kraken-all	Other	6090	2	2
salmon	Other	6028	6	2
ucsc-gtftogenepred	Other	5913	2	0
perl-module-build	Perl	5906	1	1
lumpy-sv	Python	5896	3	2
qualimap	Other	5893	3	0
perl-sub-exporter-progressive	Perl	5873	1	1
ucsc-fatotwobit	Other	5821	3	0
perl-svg	Perl	5781	1	1
perl-xml-libxml	Perl	5771	1	4
perl-digest-perl-md5	Perl	5738	1	1
perl-class-method-modifiers	Perl	5674	1	1
cyordereddict	Python	5637	1	1
perl-role-tiny	Perl	5624	1	1
perl-devel-globaldestruction	Perl	5611	1	2
perl-moo	Perl	5606	2	6
perl-dbd-sqlite	Perl	5558	1	2
mothur	Other	5553	4	4
perl-io-tty	Perl	5512	1	1
ghostscript	Other	5494	3	0
perl-time-hires	Perl	5449	2	1
perl-file-which	Perl	5443	1	1
perl-mldbm	Perl	5434	1	1
perl-ipc-run	Perl	5428	1	2
perl-graph	Perl	5420	1	1
perl-libxml-perl	Perl	5387	1	2
perl-math-cdf	Perl	5373	1	1
perl-xml-libxslt	Perl	5358	1	3
perl-appconfig	Perl	5357	1	1
perl-io-stringy	Perl	5349	1	1
perl-file-slurp-tiny	Perl	5337	1	1
perl-extutils-makemaker	Perl	5333	2	1
perl-test-leaktrace	Perl	5303	1	1
perl-data-stag	Perl	5298	1	8
perl-image-size	Perl	5294	1	1
perl-compress-raw-zlib	Perl	5291	1	1
varscan	Other	5255	5	0
r-leaps	R	5241	1	2
perl-html-tree	Perl	5235	1	4
perl-image-info	Perl	5233	1	3
vt	Other	5217	1	0
bioconductor-biovizbase	Bioconductor	5215	3	17
perl-parse-recdescent	Perl	5207	1	1
perl-template-toolkit	Perl	5198	1	6
r-dplyr	R	5158	1	9
perl-font-afm	Perl	5156	1	1
perl-xml-xpathengine	Perl	5146	1	1
perl-html-tidy	Perl	5142	1	2
perl-tie-ixhash	Perl	5125	1	1
perl-html-entities-numbered	Perl	5119	1	1
tidyp	Other	5102	1	0
svtyper	Python	5099	4	3
perl-math-random	Perl	5069	1	1
perl-math-derivative	Perl	5051	1	1
perl-ole-storage_lite	Perl	5047	1	1
perl-jcode	Perl	5047	1	1
perl-html-formatter	Perl	5032	1	3
perl-xml-regexp	Perl	5026	1	1
xmltodict	Python	5011	1	1
vcftools	Perl	5006	3	2
perl-algorithm-munkres	Perl	5005	1	1
r-gplots	R	5003	1	5
perl-aceperl	Perl	4999	1	1
perl-set-scalar	Perl	4995	1	1
p7zip	Other	4995	1	0
perl-crypt-rc4	Perl	4995	1	1
perl-file-sharedir-install	Perl	4995	1	1
perl-xml-writer	Perl	4994	1	1
perl-xml-twig	Perl	4994	1	9
perl-test-pod	Perl	4993	1	1
perl-xml-filter-buffertext	Perl	4993	1	2
perl-timedate	Perl	4989	1	1
perl-postscript	Perl	4988	1	1
biobambam	Other	4981	10	0
perl-sort-naturally	Perl	4978	1	1
perl-unicode-map	Perl	4976	1	1
perl-type-tiny	Perl	4972	1	2
perl-tree-dag_node	Perl	4972	1	2
perl-math-spline	Perl	4971	1	2
perl-convert-binary-c	Perl	4966	1	1
perl-error	Perl	4963	1	1
perl-xml-xpath	Perl	4957	1	2
perl-html-element-extended	Perl	4955	1	2
perl-spreadsheet-writeexcel	Perl	4954	1	3
perl-html-treebuilder-xpath	Perl	4954	1	3
sailfish	Other	4950	3	2
perl-xml-dom	Perl	4945	1	5
perl-xml-sax-writer	Perl	4935	1	4
perl-array-compare	Perl	4932	1	3
perl-html-tableextract	Perl	4929	1	3
perl-spreadsheet-parseexcel	Perl	4922	1	8
perl-svg-graph	Perl	4920	1	6
perl-bio-phylo	Perl	4918	1	11
r-optparse	R	4918	2	2
cd-hit	Other	4908	3	0
perl-xml-dom-xpath	Perl	4896	1	3
perl-graphviz	Perl	4892	1	9
kallisto	Other	4864	4	1
perl-file-sort	Perl	4851	1	1
ucsc-bigwiginfo	Other	4843	2	4
vardict-java	Other	4841	10	0
bioservices	Python	4822	4	9
bioconductor-deseq	Bioconductor	4816	3	7
perl-mime-types	Perl	4814	1	1
requests-cache	Python	4799	1	2
rdflib-jsonld	Python	4799	2	3
perl-class-inspector	Perl	4790	1	1
perl-mailtools	Perl	4765	1	2
perl-email-date-format	Perl	4755	1	1
perl-convert-binhex	Perl	4743	1	1
perl-bio-asn1-entrezgene	Perl	4722	2	2
ucsc-bigwigtobedgraph	Other	4721	2	4
perl-task-weaken	Perl	4717	1	1
perl-io-sessiondata	Perl	4716	1	1
bioconductor-qvalue	Bioconductor	4710	4	3
perl-pathtools	Perl	4706	1	2
perl-mime-lite	Perl	4705	1	4
r-inline	R	4704	1	1
perl-mime-tools	Perl	4688	1	3
perl-archive-zip	Perl	4685	1	1
perl-bio-samtools	Perl	4672	1	3
bioconductor-org.hs.eg.db	Bioconductor	4668	3	2
perl-bioperl-run	Perl	4649	1	4
bcbreport	Python	4625	10	1
perl-bio-featureio	Perl	4624	1	6
perl-soap-lite	Perl	4621	1	11
r-sleuth	R	4594	3	7
perl-ipc-system-simple	Perl	4574	1	1
scalpel	Perl	4569	2	3
ucsc-bigbedtobed	Other	4547	2	4
gatk-framework	Other	4531	3	0
bioconductor-affyio	Bioconductor	4522	3	2
vardict	Perl	4516	9	0
rtg-tools	Other	4511	4	0
cgat-scripts-nosetests	Python	4497	4	34
perl-bioperl-core	Perl	4497	2	31
r-pheatmap	R	4480	1	4
perl-dbd-mysql	Perl	4478	1	3
tbl2asn	Other	4477	2	0
vcfanno	Other	4470	10	0
multiqc-bcbio	Python	4448	13	3
perl-file-sharedir	Perl	4433	1	1
r-viridis	R	4414	1	3
perl-archive-extract	Perl	4412	1	1
lofreq	Python	4403	2	1
mirdeep2	Perl	4403	2	0
cramtools	Other	4401	2	0
glpk	Other	4386	2	0
r-plotly	R	4352	3	11
bcbio-prioritize	Other	4335	6	0
perl-file-fetch	Perl	4319	1	1
oauth2client	Python	4318	1	6
bwakit	Other	4299	1	0
libdb	Other	4254	1	1
jemalloc	Other	4213	2	1
razers3	Other	4199	1	0
infernal	Other	4182	3	0
bcbio-variation-recall	Other	4171	4	0
simple_sv_annotation	Python	4166	7	2
bioconductor-impute	Bioconductor	4139	3	2
bcbio-rnaseq	Other	4126	4	2
perl-db-file	Perl	4122	1	1
sickle-trim	Other	4116	1	0
variant-effect-predictor	Perl	4059	3	16
pycli	Python	4053	1	1
cwltool	Python	4031	24	8
pbgzip	Other	4025	1	0
ruffus	Python	3999	1	1
ucsc-bigwigtowig	Other	3977	2	4
fiji	Other	3970	2	1
ansible	Python	3957	1	8
ucsc-liftover	Other	3951	2	0
schema-salad	Python	3946	12	8
pytabix	Python	3938	1	2
bioconductor-biocstyle	Bioconductor	3929	4	1
bioconductor-rbgl	Bioconductor	3917	3	2
bioconductor-affy	Bioconductor	3905	3	7
bd2k-python-lib	Python	3892	5	1
gevent	Python	3886	2	2
bioconductor-gseabase	Bioconductor	3882	3	7
colormap	Python	3851	1	3
r-knitr	R	3829	1	8
bcbio-variation	Other	3818	1	1
emboss	Other	3809	1	0
bcbio-nextgen-vm	Python	3804	1	6
crossmap	Python	3800	3	5
ucsc-bigbedinfo	Other	3793	2	4
openbabel	Python	3788	3	2
bio-vcf	Other	3786	3	1
wham	Other	3781	3	0
peddy	Python	3775	9	1
shellescape	Python	3766	1	1
ucsc-bigwigsummary	Other	3741	2	4
bioconductor-dexseq	Bioconductor	3729	4	15
genepop	Other	3722	2	0
platypus-variant	Python	3720	2	2
oncofuse	Other	3710	2	0
seqbuster	Other	3708	3	0
perl-bio-db-sam	Perl	3698	1	2
qsignature	Other	3693	1	0
perl-perlio-gzip	Perl	3690	1	2
prodigal	Other	3686	3	0
coreutils	Other	3674	1	0
pytest-timeout	Python	3667	1	3
r-statmod	R	3647	2	1
ete2	Python	3645	2	6
toolshed	Python	3645	1	1
moreutils	Other	3629	1	0
age-metasv	Other	3629	1	0
cancerit-allelecount	Other	3625	1	0
r-mclust	R	3611	2	2
bioconductor-org.mm.eg.db	Bioconductor	3606	4	2
elasticluster	Python	3601	1	11
tdrmapper	Other	3593	2	0
r-rjson	R	3587	1	1
s3gof3r	Other	3584	1	0
r-readr	R	3577	1	5
ucsc-bigbedsummary	Other	3565	2	4
r-gsalib	R	3561	1	1
hmmlearn	Python	3559	1	5
awscli	Python	3546	1	7
bioconductor-degreport	Bioconductor	3540	3	7
perl-data-uuid	Perl	3523	1	2
vawk	Python	3514	1	1
gsort	Other	3509	2	0
fastx_toolkit	Perl	3486	1	3
impute2	Other	3472	1	0
raxml	Other	3465	4	0
r-ash	R	3442	1	1
variantbam	Other	3428	4	2
r-multicool	R	3411	2	2
express	Other	3400	1	0
pythonpy	Python	3372	1	2
r-wasabi	R	3371	3	4
bioconductor-multtest	Bioconductor	3364	3	3
arvados-cwl-runner	Python	3358	17	3
r-chbutils	R	3353	1	3
bioconductor-cn.mops	Bioconductor	3343	3	6
r-misc3d	R	3340	1	1
libgtextutils	Other	3333	1	3
biokit	Python	3320	5	6
snap-aligner	Other	3314	3	0
r-ggdendro	R	3290	1	3
perl-sanger-cgp-vcf	Perl	3283	1	4
google-api-python-client	Python	3269	2	4
bioconductor-bubbletree	Bioconductor	3269	3	21
svtools	Python	3250	5	7
arvados-python-client	Python	3243	8	11
r-ks	R	3240	3	6
vcf2db	Python	3236	9	9
perl-gdtextutil	Perl	3232	1	2
bioconductor-topgo	Bioconductor	3229	3	7
metasv	Python	3220	2	4
bioconductor-keggrest	Bioconductor	3212	4	4
bamutil	Other	3206	1	1
theta2	Python	3170	1	6
perl-gdgraph	Perl	3166	1	4
cpat	Python	3134	1	4
perl-pcap	Perl	3126	1	10
r-hdrcde	R	3115	1	6
r-rainbow	R	3105	1	7
rapmap	Other	3103	3	0
web.py	Python	3102	1	1
bioconductor-gosemsim	Bioconductor	3097	4	4
bioconductor-do.db	Bioconductor	3085	1	2
r-writexls	R	3071	1	1
perl-sanger-cgp-allelecount	Perl	3053	1	5
pyloh	Python	3053	1	5
perl-sanger-cgp-battenberg	Perl	3042	1	7
bcbiogff	Python	3038	2	3
goleft	Other	2993	15	0
r-htmlwidgets	R	2987	1	4
r-purrr	R	2987	1	5
bioconductor-dose	Bioconductor	2956	5	11
ggplot	Python	2952	1	8
hap.py	Python	2943	2	11
locarna	Perl	2940	8	3
voluptuous	Python	2938	1	1
botocore	Python	2937	1	4
phylowgs	Python	2917	1	6
mbuffer	Other	2902	1	0
bioconductor-vsn	Bioconductor	2864	2	6
sentieon	Other	2864	7	3
r-vegan	R	2860	4	6
gvcf-regions	Python	2859	4	1
pyomo	Python	2850	1	5
cage	Python	2842	2	3
junit-xml	Python	2842	1	2
perl-number-format	Perl	2826	1	1
pyutilib	Python	2822	1	3
ciso8601	Python	2818	2	2
trim-galore	Perl	2809	3	3
cgcloud-lib	Python	2799	2	3
toil	Python	2776	12	7
perl-bio-db-hts	Perl	2767	2	5
cgat-report	Python	2767	2	10
perl-statistics-basic	Perl	2765	1	3
bbmap	Other	2747	7	1
perl-test-simple	Perl	2694	2	2
velvet	Other	2691	1	1
dnapi	Python	2650	1	1
blat	Other	2645	1	2
perl-try-tiny	Perl	2644	1	1
bioconductor-clusterprofiler	Bioconductor	2609	4	11
clustalw	Other	2598	1	1
pygraphviz	Python	2574	1	2
pytest-marks	Python	2549	1	3
r-ade4	R	2536	1	1
aragorn	Other	2534	2	0
r-permute	R	2511	1	1
metaphlan2	Python	2509	3	3
perl-capture-tiny	Perl	2463	2	1
perl-sub-uplevel	Perl	2436	1	1
bioconductor-xcms	Bioconductor	2420	5	6
mcl	Perl	2397	1	1
mygene	Python	2392	2	2
seq2c	Perl	2390	1	1
bioconductor-protgenerics	Bioconductor	2369	3	1
avro-python2	Python	2363	2	1
screed	Python	2355	2	2
tophat-recondition	Python	2300	4	2
umis	Python	2279	9	7
r-car	R	2278	1	6
sphinxcontrib-programoutput	Python	2277	1	2
fgbio	Python	2240	6	2
libsequence	Other	2239	3	4
r-png	R	2209	1	2
fastool	Other	2182	1	2
r-corpcor	R	2180	1	2
weblogo	Python	2178	2	3
rseqc	Python	2170	2	2
abyss	Other	2168	3	2
perl-math-round	Perl	2161	1	1
barrnap	Perl	2140	4	1
collectl	Perl	2128	1	2
parafly	Other	2113	1	2
r-checkmate	R	2111	2	2
perl-test-exception	Perl	2109	1	2
perl-algorithm-diff	Perl	2109	1	1
slclust	Other	2108	1	2
cwltest	Python	2079	3	3
r-batch	R	2072	1	1
perl-text-diff	Perl	2071	1	2
perl-class-data-inheritable	Perl	2070	1	1
quast	Python	2059	5	3
perl-devel-stacktrace	Perl	2059	1	1
bioconductor-sva	Bioconductor	2051	4	2
avro	Python	2046	1	1
perl-file-copy-recursive	Perl	2042	1	2
fisher	Python	2037	1	2
pear	Other	2034	1	1
atropos	Python	2025	5	5
perl-test-warn	Perl	2016	1	2
perl-exception-class	Perl	1985	1	3
bioconductor-interactivedisplaybase	Bioconductor	1964	2	3
khmer	Python	1962	3	3
ucsc-bedclip	Other	1955	2	4
bioconductor-annotationhub	Bioconductor	1952	2	8
twobitreader	Python	1951	1	1
ucsc-twobittofa	Other	1946	2	5
bioconductor-mzr	Bioconductor	1943	3	8
augustus	Perl	1940	3	0
perl-gdgraph-histogram	Perl	1938	1	3
perl-text-glob	Perl	1929	2	1
cgat-pipelines-nosetests	Python	1929	4	38
r-psych	R	1928	2	2
perl-test-deep	Perl	1923	1	1
perl-number-compare	Perl	1913	1	1
r-snowfall	R	1903	1	2
wkhtmltopdf	Other	1894	1	0
humann2	Python	1888	4	4
bioconductor-camera	Bioconductor	1875	4	8
perl-file-find-rule	Other	1869	1	5
regex	Python	1866	1	1
perl-test-differences	Perl	1858	1	3
perl-set-intervaltree	Perl	1839	2	1
perl-test-more	Perl	1834	1	1
rnaz	Perl	1822	1	1
galaxy_sequence_utils	Python	1806	5	2
retry_decorator	Python	1799	1	1
clustalo	Other	1797	2	2
httpretty	Python	1796	1	1
parallel-fastq-dump	Python	1794	2	2
bedops	Other	1794	9	1
socksipy-branch	Python	1793	1	1
rnashapes	Perl	1788	2	0
perl-test-most	Perl	1787	1	6
ruamel.yaml	Python	1785	2	2
r-fastcluster	R	1777	1	2
pyfastaq	Python	1772	2	1
python-levenshtein	Python	1770	1	2
perl-compress-raw-bzip2	Perl	1768	1	1
rsem	Perl	1756	3	1
perl-io-compress	Perl	1742	1	4
perl-module-implementation	Perl	1725	1	3
optitype	Python	1723	3	13
glob2	Python	1723	1	1
gcs-oauth2-boto-plugin	Python	1723	1	7
t_coffee	Python	1722	1	4
r-seqinr	R	1699	2	2
dendropy	Python	1695	4	3
mageck	Python	1684	5	3
bioconductor-marray	Bioconductor	1674	2	2
meme	Python	1658	3	10
prank	Other	1653	1	1
genesplicer	Other	1646	2	0
paml	Other	1622	1	0
ngs-disambiguate	Other	1620	1	2
igblast	Perl	1611	3	0
trf	Other	1601	2	0
r-spp	R	1600	4	3
pindel	Other	1597	2	2
maxentscan	Perl	1592	1	1
bioconductor-siggenes	Bioconductor	1570	3	3
vispr	Python	1566	9	8
py-graphviz	Python	1555	2	1
pynacl	Python	1541	1	3
ucsc-bigwigaverageoverbed	Other	1523	2	4
preseq	Other	1514	1	2
rgi	Python	1513	5	7
graphicsmagick	Other	1513	3	0
extract-sv-reads	Other	1508	2	2
datamash	Other	1489	2	0
skewer	Other	1481	2	0
r-plotrix	R	1471	2	1
perl-array-utils	Perl	1468	1	1
gatk4	Python	1458	7	2
r-fdrtool	R	1454	1	1
synapseclient	Python	1450	3	5
ensembl-vep	Perl	1447	11	13
gridss	Python	1435	4	2
megahit	Python	1434	4	1
perl-regexp-common	Perl	1433	1	2
argparse	Python	1421	1	1
perl-font-ttf	Perl	1415	1	3
perl-html-template	Perl	1414	1	3
flash	Other	1409	1	0
pyfasta	Python	1409	1	2
minced	Other	1405	1	1
dkfz-bias-filter	Python	1388	1	5
bioconductor-ensembldb	Bioconductor	1388	3	14
perl-termreadkey	Perl	1376	1	2
jq	Other	1373	1	1
stacks	Perl	1370	7	1
idr	Python	1363	2	4
bioconductor-annotationforge	Bioconductor	1362	4	8
ete3	Python	1361	1	7
bioconductor-rgraphviz	Bioconductor	1361	4	2
eigen	Other	1360	3	1
grep	Other	1357	1	0
gmap	Perl	1356	7	0
rdkit	Python	1356	2	3
prokka	Other	1331	2	11
bioconductor-rsubread	Bioconductor	1319	4	1
r-nozzle.r1	R	1311	1	1
bioconductor-category	Bioconductor	1308	3	10
art	Other	1289	3	0
bioconductor-gviz	Bioconductor	1272	3	21
entrez-direct	Perl	1272	3	2
fastq-screen	Perl	1269	2	4
bioawk	Other	1266	1	0
bioconductor-geoquery	Bioconductor	1248	3	4
perl-params-validate	Perl	1245	2	4
snpsift	Python	1239	7	2
libmagic	Other	1239	1	0
ucsc-genepredtobed	Other	1234	2	4
graphclust-wrappers	Perl	1231	10	3
peptide-shaker	Python	1231	13	1
r-xnomial	R	1230	1	1
mageck-vispr	Python	1230	5	8
selscan	Other	1230	1	2
r-multitaper	R	1218	1	2
busco	Python	1208	5	3
cap3	Other	1207	1	0
gnu-wget	Other	1204	1	3
sed	Other	1196	2	0
perl-data-dumper	Perl	1193	1	2
plink2	Other	1185	1	1
lz4-bin	Other	1183	1	1
tesseract	Other	1176	1	6
r-venndiagram	R	1174	1	2
leptonica	Other	1165	1	4
bioconductor-gostats	Bioconductor	1164	3	9
google-sparsehash	Other	1160	1	1
r-testthat	R	1155	1	7
perl-apache-test	Perl	1149	1	2
pymummer	Python	1147	6	3
r-globaloptions	R	1145	1	1
epic	Python	1143	12	12
rapsearch	Other	1139	1	1
lightning	Python	1137	1	4
shustring	Other	1137	1	0
metaseq	Python	1136	1	14
perl-test2	Perl	1130	1	1
pilon	Python	1128	6	2
esmre	Python	1127	1	2
bioconductor-bsgenome.hsapiens.ucsc.hg19	Bioconductor	1124	1	2
r-shape	R	1118	1	1
sam	Other	1118	1	0
requests-mock	Python	1116	1	4
r-bit	R	1111	1	2
canu	Perl	1100	5	4
gap2seq	Other	1099	2	3
circos	Perl	1096	3	18
perl-text-soundex	Perl	1091	1	1
igvtools	Other	1090	4	1
dominate	Python	1089	1	1
bioconductor-aroma.light	Bioconductor	1089	2	5
bioconductor-dupradar	Bioconductor	1088	2	2
backports.csv	Python	1087	1	1
svgwrite	Python	1075	1	2
r-findpython	R	1074	1	1
fastq-join	Other	1074	1	0
pygresql	Python	1074	1	2
cwl2wdl	Python	1061	2	2
r-dynamictreecut	R	1056	1	1
bioconductor-txdb.hsapiens.ucsc.hg19.knowngene	Bioconductor	1054	1	3
perl-sereal-encoder	Perl	1053	1	1
perl-sereal-decoder	Perl	1053	1	1
ucsc-fetchchromsizes	Other	1050	2	4
beagle-lib	Other	1049	1	3
r-ellipse	R	1048	1	1
perl-test-warnings	Perl	1046	1	1
r-pracma	R	1045	1	1
perl-sereal	Perl	1042	1	3
rmblast	Other	1035	1	1
perl-params-util	Perl	1033	1	2
pyasn1-modules	Python	1031	2	2
r-wgcna	R	1029	2	15
mosaik	Other	1029	1	0
r-ggally	R	1027	2	6
visitor	Python	1021	1	1
gseapy	Python	1014	11	8
bioconductor-ropls	Bioconductor	1012	5	1
fasta3	Other	1007	1	1
perl-set-intspan	Perl	1006	1	1
ribotaper	Other	1005	2	9
r-rmarkdown	R	1002	1	5
perl-log-log4perl	Perl	1002	1	5
perl-text-format	Perl	1000	1	1
infinity	Python	997	1	1
perl-xsloader	Perl	994	2	2
perl-config-general	Perl	993	1	2
perl-parallel-forkmanager	Perl	986	1	1
cd-hit-auxtools	Other	970	1	1
intarna	Perl	963	8	1
bioconductor-cummerbund	Bioconductor	941	4	11
perl-readonly	Perl	937	1	1
perl-moose	Perl	933	1	8
piranha	Other	930	1	3
homer	Perl	928	3	4
rnacode	Other	924	1	0
r-dendextend	R	921	1	3
cmfinder	Other	920	1	2
perl-path-tiny	Perl	916	2	1
bioconductor-cghbase	Bioconductor	910	2	3
msprime	Python	910	9	4
r-base64	R	910	1	2
perl-math-vecstat	Perl	908	1	1
bioconductor-masigpro	Bioconductor	907	5	4
perl-math-bezier	Perl	907	1	1
r-robustrankaggreg	R	900	1	2
perl-test-nowarnings	Perl	898	1	1
r-getoptlong	R	893	1	3
bioconductor-seqlogo	Bioconductor	892	3	1
bioconductor-seqpattern	Bioconductor	890	4	5
opsin	Other	889	2	1
transdecoder	Perl	888	2	1
perl-file-slurp	Perl	886	1	1
r-blockmodeling	R	880	1	2
ucsc-bedsort	Other	878	2	4
bioconductor-metagenomeseq	Bioconductor	876	2	8
r-bbmisc	R	876	2	3
ucsc-gff3togenepred	Other	870	2	0
perl-mozilla-ca	Perl	865	1	1
repeatmasker	Perl	857	1	5
paralyzer	Other	857	1	1
r-runit	R	854	1	1
searchgui	Python	849	11	3
bioconductor-ebseq	Bioconductor	843	3	4
trackhub	Python	839	1	2
eden	Python	838	1	21
perl-getopt-long	Perl	832	1	1
ucsc-oligomatch	Other	832	2	0
perl-filesys-df	Perl	832	1	2
msms	Other	831	1	0
seqkit	Other	828	13	0
ucsc-nibfrag	Other	825	2	0
boltons	Python	822	1	1
r-argparse	R	821	1	6
bioconductor-systempiper	Bioconductor	818	4	19
r-fail	R	817	1	3
scoop	Python	814	1	3
nextflow	Other	814	6	2
r-venn	R	811	1	1
perl-yaml-libyaml	Perl	808	1	1
bioconductor-hilbertvis	Bioconductor	807	2	2
bioconductor-lpsymphony	Bioconductor	807	2	1
peewee	Python	805	1	1
r-samr	R	801	1	3
r-sendmailr	R	801	1	2
r-xmlrpc	R	799	1	3
validators	Python	799	1	3
rnabob	Other	795	1	1
bioconductor-organismdbi	Bioconductor	793	4	12
xsv	Other	792	2	1
bioconductor-medips	Bioconductor	792	2	12
bioconductor-ihw	Bioconductor	791	2	5
potrace	Other	789	1	0
perl-dist-checkconflicts	Perl	788	1	2
bioconductor-illuminaio	Bioconductor	785	3	2
mash	Other	782	3	3
trnascan-se	Perl	781	2	3
python-magic	Python	778	3	2
perl-text-parsewords	Perl	770	1	2
intervals	Python	767	1	2
hall-lab-svtools	Python	764	1	1
biopet	Python	759	3	6
bioconductor-phyloseq	Bioconductor	757	4	17
perl-statistics-distributions	Perl	757	1	1
python-wget	Python	756	1	1
r-mixomics	R	756	3	9
idba	Other	749	2	1
bioconductor-cghcall	Bioconductor	747	3	6
cofold	Other	747	1	1
sqt	Python	746	4	5
r-batchjobs	R	745	1	10
r-dorng	R	744	1	5
sevenbridges-python	Python	741	1	4
r-circlize	R	738	2	4
targetfinder	Perl	737	1	1
swarm	Python	736	4	2
r-flashclust	R	736	1	1
fuma	Python	732	2	4
yara	Other	732	2	0
exonerate	Other	729	2	2
r-beanplot	R	727	1	1
phonenumbers	Python	726	1	1
r-longitudinal	R	724	1	2
perl-archive-tar	Perl	724	1	0
bioconductor-bumphunter	Bioconductor	720	3	14
tabix	Other	719	1	1
python-libsbml	Python	719	1	2
star-fusion	Perl	718	5	4
bioconductor-flowcore	Bioconductor	717	3	9
perl-test-fatal	Perl	708	1	2
bioconductor-rcytoscape	Bioconductor	703	2	4
phylip	Python	701	1	3
libbigwig	Other	700	2	3
fwdpp	Other	698	4	0
bioconductor-diffbind	Bioconductor	696	4	13
ant	Other	695	2	1
bioconductor-genomation	Bioconductor	689	4	19
glimmer	Other	687	1	0
perl-text-csv	Perl	683	1	1
sure	Python	683	1	3
r-nor1mix	R	682	1	1
rabix-bunny	Other	682	4	1
bambamc	Other	676	1	2
wiggletools	Other	674	2	3
bioconductor-complexheatmap	Bioconductor	671	2	7
bioconductor-org.dm.eg.db	Bioconductor	671	4	2
bioconductor-pcamethods	Bioconductor	669	2	4
bioconductor-kegggraph	Bioconductor	662	3	3
mawk	Other	661	1	1
r-amap	R	661	1	2
r-probmetab	R	661	2	10
r-scatterplot3d	R	658	1	1
rainbow	Perl	657	1	2
perl-io-all	Perl	651	1	3
nspdk	Other	649	1	2
dinopy	Python	644	3	2
snap	Other	642	1	0
circexplorer	Python	640	3	4
pysamstats	Python	640	5	2
screamingbackpack	Python	636	1	1
perl-test-requires	Perl	635	1	1
perl-hash-merge	Perl	635	1	2
ddocent	Other	634	9	21
perl-sub-install	Perl	634	1	3
graphlan	Python	633	1	3
perl-data-optlist	Perl	631	1	5
r-rsm	R	630	1	1
r-changepoint	R	630	2	2
flaimapper	Python	629	5	3
bioconductor-ggbio	Bioconductor	628	6	24
pgma-simple	Other	626	1	1
bio_assembly_refinement	Python	624	2	3
tqdm	Python	623	1	1
abricate	Perl	621	5	4
perl-inline	Perl	619	1	1
planemo	Python	619	6	9
gnu-getopt	Other	614	1	2
perl-pegex	Perl	611	1	4
r-gsubfn	R	610	1	2
circexplorer2	Python	609	15	12
perl-inline-c	Perl	606	1	7
perl-dbd-pg	Perl	605	1	3
goatools	Python	605	3	2
bioconductor-qdnaseq	Bioconductor	599	3	10
clever-toolkit	Python	599	3	4
poretools	Python	596	5	7
msgf_plus	Python	596	3	2
aenum	Python	594	2	1
perl-file-readbackwards	Perl	594	1	1
colorbrewer	Python	594	1	1
bioconductor-genelendatabase	Bioconductor	593	3	3
perl-bio-gff3	Perl	592	1	9
cosi2	Python	587	5	2
pipmir	Other	586	1	3
r-spam	R	585	2	1
perl-heap-simple-xs	Perl	585	1	2
perl-heap-simple-perl	Perl	584	1	1
perl-devel-size	Perl	584	1	2
ucsc-genepredtogtf	Other	583	1	0
mathstats	Python	583	2	2
perl-heap-simple	Perl	583	1	4
perl-digest-crc32	Perl	582	1	1
perl-file-next	Perl	582	1	3
avro-python3	Python	581	3	1
bioconductor-affxparser	Bioconductor	581	1	1
r-genenet	R	579	1	4
fitter	Python	575	1	5
lastz	Other	575	2	1
rdptools	Python	573	1	2
flask-bootstrap	Python	572	1	4
sickle	Python	572	1	3
r-ggrepel	R	570	2	4
pycluster	Python	569	1	2
rdflib	Python	567	2	5
perl-path-class	Perl	564	1	1
bioconductor-biomformat	Bioconductor	562	3	4
fast5	Other	559	8	1
r-ff	R	554	1	2
r-signal	R	554	1	3
graphmap	Other	553	4	1
carna	Other	548	3	2
r-gmd	R	544	1	2
deap	Python	541	1	4
bioepic	Python	541	2	10
perl-sub-exporter	Perl	539	1	5
hicexplorer	Python	539	9	9
bioconductor-rhtslib	Bioconductor	534	2	2
kmc	Other	531	1	3
r-fields	R	531	2	3
bioconductor-minfi	Bioconductor	529	3	24
perl-file-path	Perl	529	2	1
smalt	Other	527	1	3
r-biasedurn	R	525	1	2
circlator	Python	523	6	10
r-nastiseq	R	521	1	3
randfold	Other	520	1	1
wtforms-components	Python	519	1	6
gat	Python	518	3	6
clearcut	Other	518	1	0
mira	Other	517	4	0
ea-utils	Other	516	1	0
perl-text-tabs-wrap	Perl	516	1	1
r-splancs	R	514	1	2
yaggo	Other	512	2	1
dwgsim	Other	510	1	2
sprinkles	Python	510	1	1
r-proj4	R	508	1	3
export2graphlan	Python	508	1	5
snippy	Perl	508	3	10
r-pmcmr	R	507	1	1
bioconductor-bsgenome.mmusculus.ucsc.mm9	Bioconductor	505	1	2
jbrowse	Perl	504	2	32
melt	Python	503	1	1
perl-extutils-manifest	Perl	502	1	1
chanjo	Python	502	2	9
bioconductor-mosaics	Bioconductor	499	3	9
r-rpmg	R	497	1	1
r-reshape	R	496	1	3
segmentation-fold	Python	495	2	6
r-biom	R	492	1	4
perl-tie-cacher	Perl	492	1	2
gecode	Other	491	3	2
r-fda	R	489	1	2
google-cloud-sdk	Python	486	2	1
bioconductor-goseq	Bioconductor	484	3	6
cgat-scripts-devel	Python	482	2	71
workspace	Python	482	1	2
python-consensuscore	Python	481	2	5
perl-package-stash	Perl	481	1	6
bioconductor-gage	Bioconductor	480	2	4
fusepy	Python	478	1	1
pbbam	Other	478	1	2
rust	Other	474	4	0
cobra	Python	470	2	8
perl-statistics-frequency	Perl	469	1	1
bioconductor-massspecwavelet	Bioconductor	469	2	2
perl-memoize	Perl	465	1	2
perl-file-slurper	Perl	464	1	1
mason	Other	464	2	0
miniasm	Other	463	4	1
r-lsd	R	462	1	1
minimap	Other	461	2	1
backports.unittest_mock	Python	460	2	1
singlecell-barcodes	Other	460	2	0
bioconductor-oligoclasses	Bioconductor	459	1	11
r-knitrbootstrap	R	458	1	4
bioconductor-gagedata	Bioconductor	457	3	1
flask-admin	Python	457	1	3
mosdepth	Other	456	7	1
bioconductor-motifrg	Bioconductor	456	3	7
r-rwave	R	456	1	1
centrifuge	Python	455	1	4
bioconductor-bsgenome.ecoli.ncbi.20080805	Bioconductor	455	1	2
r-googlevis	R	452	1	2
trimal	Other	451	1	1
scala	Other	449	1	1
anvio	Python	448	4	17
picrust	Python	448	4	4
perl-moosex-types	Perl	448	1	4
dxpy	Python	447	2	11
r-idr	R	446	1	1
perl-text-wrap	Perl	445	1	3
r-sparql	R	445	1	3
fastq-multx	Other	444	2	0
pomegranate	Python	440	1	6
pyx	Python	440	1	1
r-params	R	439	1	2
xmltramp2	Python	437	1	2
r-mba	R	437	1	3
perl-text-balanced	Perl	437	1	3
moods	Python	436	2	1
mobster	Python	435	3	2
schema	Python	432	2	1
besst	Python	431	2	5
r-rocr	R	430	1	2
bioconductor-ggtree	Bioconductor	430	3	7
perl-bit-vector	Perl	429	1	1
umi_tools	Python	426	4	5
segemehl	Other	425	1	3
gimmemotifs	Python	423	11	7
bamhash	Other	421	2	3
onto2nx	Python	420	1	10
gocr	Other	420	1	0
r-upsetr	R	420	1	4
phylotoast	Python	420	2	1
perl-variable-magic	Perl	419	1	2
bioconductor-made4	Bioconductor	419	2	5
argutils	Python	417	1	3
sbt	Other	416	1	1
bioconductor-kegg.db	Bioconductor	416	2	2
clark	Other	414	3	1
perl-algorithm-cluster	Perl	414	1	1
sqlalchemy-datatables	Python	413	2	2
bioconductor-flowai	Bioconductor	413	3	9
bioconductor-oligo	Bioconductor	412	2	12
perl-moosex-types-path-class	Perl	412	1	3
xdg	Python	411	1	1
ucsc-bedtogenepred	Other	410	2	4
perl-biox-workflow	Perl	410	2	2
r-diagram	R	410	1	2
perl-b-hooks-endofscope	Perl	409	1	4
cromwell	Python	409	7	1
biofluff	Python	408	6	8
xxhash	Python	408	1	1
beagle	Other	408	2	1
askocli	Python	407	5	2
perl-perl-unsafe-signals	Perl	407	1	1
perl-namespace-clean	Perl	407	1	3
kneaddata	Python	407	2	7
ucsc-wigcorrelate	Other	406	2	4
check-sort-order	Other	406	1	0
rnastructure	Other	406	2	0
r-prettyunits	R	406	1	3
ariba	Python	406	3	11
bioconductor-flowcl	Bioconductor	405	3	3
perl-cpan-meta-check	Perl	404	1	1
perl-config-any	Perl	403	1	1
perl-statistics-r	Perl	403	1	8
blockbuster	Other	403	1	0
r-progress	R	401	1	3
r-rseis	R	399	1	3
perl-hpc-runner-slurm	Perl	399	2	2
ucsc-bedgraphpack	Other	399	2	4
ucsc-twobitinfo	Other	399	2	5
r-waveslim	R	398	1	1
blasr	Other	398	3	2
testfixtures	Python	395	1	1
blastalign	Python	395	1	3
r-rappdirs	R	394	1	2
perl-list-util	Perl	394	1	1
ucsc-pslcdnafilter	Other	392	2	4
mrbayes	Other	391	1	3
wgsim	Other	391	1	1
perl-class-std	Perl	391	1	2
strelka	Python	388	2	1
dreamtools	Python	388	2	14
ucsc-addcols	Other	388	2	5
ucsc-psltobed	Other	388	2	4
perl-parse-yapp	Perl	387	1	1
bioconductor-flowdensity	Bioconductor	386	2	6
blasr_libcpp	Other	385	1	3
bitstring	Python	385	1	1
proteowizard	Other	384	1	1
perl-sub-identify	Perl	383	1	1
phyml	Other	383	2	3
bioconductor-genomeinfodbdata	Bioconductor	382	1	1
r-geomap	R	380	1	5
slang	Other	379	1	4
bioconductor-ballgown	Bioconductor	379	2	10
ucsc-pslhisto	Other	379	2	4
bwameth	Python	378	1	4
ucsc-pslswap	Other	377	2	4
peakzilla	Python	377	1	1
migmap	Other	376	2	2
bioconductor-org.ce.eg.db	Bioconductor	376	1	2
semidbm	Python	375	1	1
bioconductor-sradb	Bioconductor	375	3	5
chromhmm	Other	374	2	1
ucsc-psltopslx	Other	374	2	4
whatshap	Python	374	5	3
r-tximport	R	373	1	1
curesim	Other	373	1	2
nanopolish	Python	372	6	5
ucsc-pslliftsubrangeblat	Other	372	2	4
ucsc-pslscore	Other	372	2	4
r-ipo	R	372	1	4
perl-unicode-stringprep	Perl	372	1	1
ucsc-qactowig	Other	371	2	4
ucsc-pslmap	Other	371	2	4
metilene	Perl	370	1	5
ucsc-pslcat	Other	370	2	4
checkm-genome	Python	369	2	7
ucsc-pslrecalcmatch	Other	369	2	4
ucsc-pslpostarget	Other	368	2	4
r-rcircos	R	368	2	1
bioconductor-jmosaics	Bioconductor	368	1	2
ucsc-bigwigmerge	Other	368	2	4
r-fitdistrplus	R	367	1	3
ucsc-pslcheck	Other	367	2	4
flask-nav	Python	366	1	4
nanomath	Python	366	1	4
ucsc-pslxtofa	Other	366	2	4
ucsc-pslmrnacover	Other	365	2	4
ucsc-pslfilter	Other	365	2	4
ucsc-pslselect	Other	365	2	4
ucsc-subchar	Other	365	2	0
ucsc-pslstats	Other	364	2	4
kmergenie	Python	364	1	5
ucsc-splitfilebycolumn	Other	364	2	0
c-ares	Other	364	1	1
r-bit64	R	363	1	3
bfc	Other	362	1	1
flask-bower	Python	361	1	2
ucsc-stringify	Other	361	2	0
kraken-biom	Python	361	1	2
ucsc-tdbquery	Other	360	2	0
ucsc-pslreps	Other	360	2	4
perl-hpc-runner-mce	Perl	359	1	2
r-sartools	R	359	4	4
ucsc-psltochain	Other	358	2	4
ucsc-validatemanifest	Other	358	2	0
python-hyphy-python	Python	358	1	3
ucsc-subcolumn	Other	358	2	0
perl-namespace-autoclean	Perl	358	1	5
ucsc-ratolines	Other	358	2	0
ucsc-psldropoverlap	Other	357	2	4
ucsc-rmfadups	Other	357	2	0
r-rfoc	R	357	1	6
ig-flowtools	Python	357	7	12
ucsc-ticktodate	Other	356	2	0
ucsc-rowstocols	Other	355	2	0
ucsc-pslpairs	Other	355	2	4
r-ggalt	R	355	2	11
ucsc-trfbig	Other	354	2	0
bioconductor-pathview	Bioconductor	353	2	9
ucsc-sqltoxml	Other	352	2	0
ucsc-tolower	Other	352	2	5
ucsc-taillines	Other	351	2	0
ucsc-splitfile	Other	351	2	0
r-mutoss	R	351	1	5
ucsc-texthistogram	Other	350	2	0
ucsc-pslpretty	Other	350	2	4
flask-markdown	Python	348	1	3
perl-importer	Perl	348	1	1
csvtk	Other	348	10	0
ucsc-pslpartition	Other	348	2	4
ucsc-rasqlquery	Other	348	2	0
pizzly	Python	347	1	3
ucsc-spacedtotab	Other	347	2	0
ucsc-toupper	Other	346	2	0
ucsc-randomlines	Other	346	2	0
ucsc-wordline	Other	346	2	5
ucsc-validatefiles	Other	346	2	0
aria2	Other	344	1	7
amos	Python	344	1	7
ncbi-genome-download	Python	343	5	2
galaxy-ops	Python	343	2	2
prophyle	Python	343	9	8
r-dt	R	342	2	4
perl-test2-suite	Perl	342	1	4
lighter	Other	341	1	1
pairix	Python	340	4	2
perl-moosex-getopt	Perl	340	1	5
perl-velvetoptimiser	Perl	340	1	3
openms	Python	340	2	13
perl-test-builder-tester	Perl	339	1	1
perl-env-path	Perl	339	1	1
rnalien	Perl	338	5	7
ucsc-pslsort	Other	338	2	4
ucsc-positionaltblcheck	Other	337	2	0
daligner	Other	336	2	1
perl-file-chdir	Perl	336	1	2
r-rann	R	335	1	1
intervalstats	Other	335	1	0
sparsehash	Other	334	2	0
libidn	Other	333	1	0
perl-file-grep	Perl	333	1	1
ucsc-qatoqac	Other	333	2	5
somatic-sniper	Other	332	1	1
bioconductor-isomirs	Bioconductor	332	3	14
bioconductor-chipseeker	Bioconductor	331	3	20
perl-graph-readwrite	Perl	330	1	5
ucsc-ratotab	Other	330	2	0
bioconductor-biosigner	Bioconductor	330	3	4
igdiscover	Python	329	6	16
sqlalchemy-utils	Python	329	1	3
align_it	Other	329	1	2
r-bio3d	R	328	2	1
zeroc-ice	Python	328	1	3
validictory	Python	328	1	1
perl-perlio-utf8_strict	Perl	327	1	3
r-abind	R	327	1	1
bioconductor-cexor	Bioconductor	326	2	10
nanoget	Python	326	2	6
ucsc-bigwigcluster	Other	325	2	4
r-maldiquant	R	323	2	2
perl-b	Perl	323	1	1
genometools-genometools	Other	323	1	2
perl-test-files	Perl	322	1	5
dxua	Other	322	2	0
ucsc-fasomerecords	Other	322	1	0
perl-test-output	Perl	322	1	4
ucsc-bigwigcat	Other	321	2	4
links	Perl	321	2	2
perl-sort-versions	Perl	321	1	2
ucsc-bigwigcorrelate	Other	320	2	4
arb-bio	Perl	320	1	20
ucsc-bedpileups	Other	320	2	4
ropebwt2	Other	320	1	1
trinotate	Perl	319	2	8
smartdenovo	Perl	319	1	2
r-svgui	R	317	1	1
ucsc-bedremoveoverlap	Other	317	2	4
ucsc-beditemoverlapcount	Other	317	2	4
mgltools	Other	313	1	0
ucsc-blasttopsl	Other	313	2	4
mhap	Python	313	2	1
r-nanostringnorm	R	312	1	6
perl-io-zlib	Perl	312	1	2
r-idpmisc	R	312	1	2
flock	Other	311	1	1
glimmerhmm	Other	310	1	1
ucsc-bedrestricttopositions	Other	310	2	4
bioconductor-metams	Bioconductor	310	2	6
perl-exporter-tidy	Perl	309	1	1
r-fnn	R	309	1	1
ucsc-bedgeneparts	Other	309	2	4
flask-potion	Python	308	1	6
selectsequencesfrommsa	Perl	308	1	4
fastme	Other	306	1	1
gclib	Other	306	1	0
ucsc-qactoqa	Other	306	2	0
r-readmzxmldata	R	306	1	4
rseg	Other	305	1	2
r-dpeak	R	304	1	7
mapsplice	Python	304	1	3
nanoblaster	Other	304	1	1
r-polynom	R	304	1	1
weeder	Python	303	1	2
ucsc-fasplit	Other	303	1	0
ucsc-chainnet	Other	303	2	4
newt	Python	302	1	3
r-funr	R	302	1	1
ucsc-bedtopsl	Other	301	2	4
bioconductor-flowviz	Bioconductor	301	2	9
ucsc-bedcoverage	Other	301	2	4
ucsc-xmltosql	Other	301	2	5
tclap	Other	301	1	0
libsvm	Other	300	1	0
ucsc-bedextendranges	Other	300	2	4
soapdenovo2	Other	300	1	2
ucsc-chainsplit	Other	300	2	4
ucsc-qacagplift	Other	299	2	0
dazz_db	Other	299	2	1
kat	Python	298	3	3
xtandem	Other	298	1	3
ucsc-newpythonprog	Other	298	2	0
rscape	Other	298	3	2
ucsc-genepredtofakepsl	Other	297	2	4
jamm	Perl	297	3	4
ucsc-parafetch	Other	297	2	0
r-flowr	R	297	2	4
ucsc-psltobigpsl	Other	296	2	5
ucsc-axttomaf	Other	296	2	0
graphlite	Python	296	1	1
ucsc-bedcommonregions	Other	296	2	4
cdbtools	Other	295	1	1
r-discriminer	R	295	1	1
roary	Perl	295	5	26
ucsc-parasync	Other	295	2	0
setuptools_cython	Python	295	1	3
perl-digest-md5	Perl	295	1	1
pysnptools	Python	294	1	4
gnuplot-py	Python	294	1	3
perl-specio-exporter	Perl	294	1	2
r-readbrukerflexdata	R	294	2	1
ucsc-bedweedoverlapping	Other	293	2	4
ucsc-axttopsl	Other	293	2	4
xsd	Other	293	1	2
perl-eval-closure	Perl	293	1	3
perl-params-validationcompiler	Perl	293	1	7
ucsc-bedintersect	Other	293	2	4
simlord	Python	292	3	5
popt	Other	292	1	0
perl-exporter	Perl	292	1	1
openmg	Other	292	1	1
r-tiff	R	292	1	3
lefse	Python	291	3	10
perl-io-interactive	Perl	291	1	2
bumbershoot	Other	291	5	1
beast	Other	291	2	2
perl-pod-elemental	Perl	290	1	5
ucsc-chainmergesort	Other	290	2	4
ucsc-chaintopsl	Other	289	2	4
ucsc-bigbednameditems	Other	289	2	4
ucsc-genepredtomafframes	Other	288	2	0
rmats	Python	287	2	5
fido	Other	287	1	1
cooler	Python	287	2	14
ucsc-ameme	Other	286	1	0
perl-config-autoconf	Perl	285	1	2
crimson	Python	285	1	3
perl-moosex-app	Perl	285	1	9
flux-simulator	Other	284	1	1
hgtools	Python	283	1	2
ucsc-chainantirepeat	Other	283	2	4
yanc	Python	283	1	2
ucsc-axtchain	Other	283	1	0
perl-forks	Perl	282	1	1
trimadap	Other	282	2	1
editdistance	Python	282	1	1
perl-class-std-fast	Perl	282	1	3
gffread	Other	282	2	0
fraggenescan	Perl	281	1	1
nose-capturestderr	Python	281	1	3
ucsc-chaintopslbasic	Other	280	2	4
primer3-py	Python	280	2	1
ucsc-chainfilter	Other	280	2	4
r-calibrate	R	279	1	2
unicycler	Python	279	3	9
pdfkit	Python	278	1	2
ucsc-chainswap	Other	278	2	4
ucsc-chainprenet	Other	277	2	4
ucsc-chainstitchid	Other	277	2	4
bioconductor-bsgenome.dmelanogaster.ucsc.dm3	Bioconductor	276	1	2
bioconductor-txdb.dmelanogaster.ucsc.dm3.ensgene	Bioconductor	276	1	3
stride	Other	275	1	1
ucsc-crtreeindexbed	Other	275	2	4
bioconductor-bsgenome.celegans.ucsc.ce6	Bioconductor	274	1	2
primer3	Perl	274	2	2
perl-warnings-register	Perl	274	1	1
ucsc-twobitmask	Other	274	2	5
perl-file-homedir	Perl	273	1	5
ucsc-chainsort	Other	273	2	4
ucsc-fasize	Other	273	1	0
ucsc-nibsize	Other	272	2	0
bioconductor-csaw	Bioconductor	272	4	12
perl-statistics-ttest	Perl	272	1	3
ucsc-xmlcat	Other	272	2	5
perl-module-build-tiny	Perl	271	1	3
ucsc-chaintoaxt	Other	270	2	4
ucsc-autodtd	Other	270	1	0
ucsc-farc	Other	270	1	0
dlcpar	Python	269	1	2
byobu	Other	269	2	3
r-docopt	R	269	1	2
asciigenome	Other	268	6	1
perl-authen-sasl-saslprep	Perl	268	1	2
bismark	Perl	267	2	3
ucsc-twobitdup	Other	267	2	5
ucsc-autosql	Other	266	1	0
peakranger	Other	266	1	3
scikit-allel	Python	265	1	14
ucsc-crtreesearchbed	Other	265	2	4
perl-spiffy	Perl	265	1	1
pymzml	Python	265	3	1
forked-path	Python	264	1	1
ucsc-catdir	Other	264	1	0
sistr_cmd	Python	264	5	6
mendelscan	Other	263	1	1
bcl2fastq-nextseq	Python	263	1	6
python-fakemp	Python	263	1	1
ucsc-netfilter	Other	262	1	0
ucsc-chopfalines	Other	262	1	0
gadem	Other	262	1	1
denovogear	Other	262	1	5
ucsc-facount	Other	262	1	0
minimap2	Other	262	4	2
ucsc-catuncomment	Other	262	1	0
ucsc-checktablecoords	Other	261	1	0
hmmer2	Other	261	1	0
r-gprofiler	R	260	1	3
vcftoolbox	Python	260	1	2
perl-hpc-runner-pbs	Perl	259	1	2
orthofinder	Python	258	4	6
ucsc-autoxml	Other	258	1	0
bioconductor-rgadem	Bioconductor	258	2	5
ucsc-axtswap	Other	257	1	0
ucsc-bigpsltopsl	Other	257	1	0
ucsc-chromgraphfrombin	Other	256	1	0
trawler	Perl	256	1	5
perl-devel-checkbin	Perl	256	1	1
pyliftover	Python	256	1	1
verse	Other	255	1	2
igv	Other	255	1	1
perl-datetime-locale	Perl	255	1	5
ucsc-genepredtobiggenepred	Other	255	1	0
perl-datetime-timezone	Perl	255	1	7
ucsc-avecols	Other	255	1	0
perl-datetime	Perl	254	1	11
phizz	Python	254	1	4
ucsc-farandomize	Other	254	1	0
ucsc-fafilter	Other	253	1	0
r-fastmatch	R	253	1	1
bioconductor-delayedarray	Bioconductor	253	1	5
ucsc-genepredhisto	Other	253	1	0
ucsc-fafiltern	Other	253	1	0
ucsc-fafrag	Other	252	1	0
r-fftwtools	R	252	1	3
ucsc-fatofastq	Other	252	1	0
ucsc-checkagpandfa	Other	251	1	5
query_phenomizer	Python	251	1	4
ucsc-fastqtofa	Other	250	1	0
fermi	Perl	250	1	1
r-svdialogs	R	250	1	2
ucsc-axtsort	Other	250	1	0
perl-scope-guard	Perl	249	1	1
perl-list-uniq	Perl	249	1	1
perl-git-wrapper	Perl	249	1	7
ucsc-genepredfilter	Other	248	1	0
perl-dbm-deep	Perl	248	1	4
ucsc-faalign	Other	248	1	0
suds-jurko	Python	248	1	1
r-combinat	R	247	1	1
perl-string-approx	Perl	247	1	2
ucsc-genepredcheck	Other	246	1	0
pyalveo	Python	245	3	3
ucsc-countchars	Other	245	1	5
r-corrplot	R	245	2	1
ucsc-genepredsinglecover	Other	245	1	0
perl-algorithm-dependency	Perl	245	1	3
ucsc-getrnapred	Other	244	1	0
ucsc-chromgraphtobin	Other	243	1	0
perl-findbin	Perl	243	1	1
ucsc-dbsnoop	Other	243	1	0
ucsc-getrna	Other	243	1	0
ucsc-faonerecord	Other	243	1	0
bioconductor-fourcseq	Bioconductor	243	2	15
ucsc-checkhgfindspec	Other	242	1	0
ucsc-fanoise	Other	242	1	0
yahmm	Python	241	1	6
perl-sub-attribute	Perl	241	1	2
perl-carp	Perl	241	1	3
ucsc-checkcoveragegaps	Other	240	1	5
ucsc-coltransform	Other	240	1	0
perl-perl-osnames	Perl	239	1	2
bioconductor-basic4cseq	Bioconductor	239	2	7
samsifter	Python	239	1	8
crb-blast	Other	239	1	2
perl-text-asciitable	Perl	239	1	2
ccat	Other	238	1	0
lapack	Other	237	1	1
ucsc-gaptolift	Other	237	1	5
perl-statistics-lite	Perl	237	1	1
snp-pipeline	Python	236	2	6
ucsc-featurebits	Other	236	1	0
ucsc-facmp	Other	236	1	0
ucsc-fapolyasizes	Other	236	1	0
ucsc-fatotab	Other	235	1	0
perl-test-harness	Perl	235	2	1
perl-git-wrapper-plus	Perl	234	1	9
ucsc-fatrans	Other	234	1	0
ucsc-dbtrash	Other	233	1	5
perl-perl-version	Perl	233	1	5
ucsc-estorient	Other	233	1	0
r-ore	R	233	1	2
r-compute.es	R	231	1	1
ucsc-findmotif	Other	231	1	0
pytriangle	Python	231	2	1
bioconductor-ebimage	Bioconductor	231	3	8
hifive	Python	230	5	10
perl-tie-log4perl	Perl	229	1	2
perl-term-detect-software	Perl	229	1	2
r-preseqr	R	228	1	3
perl-module-load	Perl	228	1	1
bioconductor-regioner	Bioconductor	228	3	5
perl-json-maybexs	Perl	227	1	3
perl-term-app-roles	Perl	227	1	3
perl-border-style	Perl	226	1	4
perl-hpc-runner-command	Perl	225	13	43
perl-perlio	Perl	225	1	1
perl-color-theme	Perl	225	1	4
strip_it	Other	225	1	2
bgt	Other	225	2	1
bioconductor-txdb.mmusculus.ucsc.mm10.ensgene	Bioconductor	225	2	3
textinput	Python	224	1	1
perl-proc-fork	Perl	224	1	2
bioconductor-rcas	Bioconductor	224	4	21
perl-math-base-convert	Perl	223	1	1
genometools	Python	223	1	6
mlst	Perl	223	2	6
itk	Python	222	2	6
eigensoft	Perl	222	1	4
gdk-pixbuf	Other	221	1	6
libdivsufsort	Other	221	1	1
ucsc-maskoutfa	Other	220	1	0
r-deldir	R	220	1	1
osra	Other	219	1	0
chemfp	Python	217	3	3
svgutils	Python	217	1	2
helperlibs	Python	217	1	2
perl-version-next	Perl	217	1	4
perl-test-base	Perl	217	1	3
autolog	Python	217	1	2
perl-moosex-app-role-log4perl	Perl	216	1	3
perl-mce	Perl	216	1	1
ucsc-hggcpercent	Other	216	1	0
hapbin	Other	215	1	1
nasp	Python	215	2	4
ghc	Other	214	1	1
bioconductor-graphite	Bioconductor	214	2	5
gromacs	Other	212	1	1
perl-text-ansitable	Perl	212	1	15
ficus	Python	212	1	3
sourmash	Python	211	2	9
pyteomics	Python	211	1	6
hubward	Python	210	3	15
ra	Other	210	1	1
bioconductor-rgalaxy	Bioconductor	210	2	7
bioconductor-chipcomp	Bioconductor	209	2	11
gffcompare	Other	209	2	2
fermi2	Perl	209	2	2
discovardenovo	Other	209	1	2
perl-file-spec	Perl	209	1	1
perl-socket6	Perl	208	1	1
group_humann2_uniref_abundances_to_go	Python	207	1	3
illumina-interop	Other	206	1	1
bayescan	Other	206	1	1
fastdtw	Python	205	1	2
ngmlr	Other	204	5	2
htsbox	Other	204	3	1
perl-list-someutils	Perl	204	1	3
merfishtools	Python	203	5	5
knot	Other	203	1	0
bioconductor-illuminamousev2.db	Bioconductor	202	1	3
r-tsne	R	201	1	1
bioconductor-mgug4122a.db	Bioconductor	201	2	3
wtforms-alchemy	Python	201	1	6
sequana	Python	201	8	15
picopore	Python	200	7	5
pypore	Python	200	2	2
gmtk	Other	200	1	1
pedagree	Python	200	2	1
perl-tie-cache	Perl	200	1	1
pysvg	Python	199	1	3
dr-disco	Python	199	9	6
kaiju	Perl	198	4	2
nucleoatac	Python	198	2	6
miranda	Other	196	1	1
python-bioext	Python	195	1	9
gfold	Other	195	1	1
pyexcelerator	Python	195	1	1
python-hppy	Python	194	1	4
kid	Python	193	1	1
pyquery	Python	193	1	5
genomedata	Python	193	2	8
ocrad	Other	193	1	0
oases	Other	192	1	2
minepy	Python	192	1	2
lace	Python	191	3	6
pandaseq	Other	191	2	2
r-ada	R	189	1	2
bioconductor-fastseg	Bioconductor	188	2	6
perl-xml-semanticdiff	Perl	187	1	2
shape_it	Other	186	1	2
r-dunn.test	R	186	1	1
gb_taxonomy_tools	Other	185	1	0
hurry.filesize	Python	184	1	2
xxmotif	Other	184	1	1
r-ggthemes	R	184	1	5
stamp	Python	184	1	7
perl-want	Perl	182	1	1
bioconductor-all	Bioconductor	182	1	2
plastid	Python	180	1	16
nanoplotter	Python	180	2	6
r-empiricalfdr.deseq2	R	179	1	3
antismash	Python	179	2	34
bcbio_monitor	Python	177	2	9
limix	Python	177	1	6
ms	Other	177	1	0
perl-base	Perl	177	2	1
ws4py	Python	177	2	1
genblastg	Other	176	1	3
gvcftools	Perl	176	1	3
pbcore	Python	176	1	5
fwdpy11	Python	175	7	4
mugsy	Perl	175	1	1
perl-test-class-moose	Perl	175	1	19
swga	Python	174	2	10
optbuild	Python	174	1	2
poa	Other	174	1	2
pycsg	Python	174	1	1
r-dbchip	R	174	1	2
multigps	Other	174	4	3
discovar	Other	173	1	1
mqc	Python	173	6	10
tabview	Python	173	1	1
r-pore	R	172	2	6
perl-test-cpan-meta	Perl	172	1	1
transabyss	Python	171	1	7
bioconductor-edaseq	Bioconductor	170	2	13
protrac	Perl	170	2	2
r-bbmle	R	170	1	4
doit	Python	170	1	5
pepr	Python	169	2	4
chicagotools	Python	168	1	4
bioconductor-mmdiff	Bioconductor	168	1	7
prosic	Python	168	3	3
percolator	Other	167	2	8
ceas	Python	167	1	2
suma_package	Other	167	1	1
ped_parser	Python	167	2	3
watchdog	Python	167	1	4
metavelvet	Perl	167	2	5
kobas	Python	167	1	10
maxbin2	Other	166	1	5
bioconductor-methylkit	Bioconductor	165	3	18
fastlmm	Python	165	1	9
clustergrammer	Python	165	1	5
r-rniftyreg	R	164	1	5
scrm	Other	164	3	0
r-maldiquantforeign	R	163	2	7
bioconductor-ncdfflow	Bioconductor	163	2	9
xmlbuilder	Python	162	1	1
optplus	Python	162	1	1
perl-text-nsp	Perl	160	1	1
snns	Other	160	1	3
bioconductor-consensusclusterplus	Bioconductor	159	1	4
perl-test-yaml	Perl	159	1	2
arvados-cli	Other	158	1	2
perl-io-socket-inet6	Perl	157	1	2
w4mclassfilter	Other	156	4	1
perl-moosex-fileattribute	Perl	156	1	4
astalavista	Other	155	2	1
fqtools	Other	155	1	2
perl-scalar-util-numeric	Perl	155	1	1
nasm	Other	154	1	1
perl-xml-parser-lite	Perl	154	1	1
perl-mldbm-sync	Perl	153	1	3
perl-bloom-faster	Perl	152	1	2
bioconductor-flowworkspace	Bioconductor	152	1	20
hcluster_sg	Other	151	1	1
taxtastic	Python	150	1	5
biogridpy	Python	150	1	1
cityhash	Python	150	2	1
mgf-formatter	Python	150	1	2
bam-readcount	Python	149	1	4
hera	Python	149	3	9
virmet	Python	148	3	9
bioconductor-chicago	Bioconductor	148	2	5
lrzip	Other	148	1	3
srst2	Python	147	2	5
perl-sql-statement	Perl	147	1	6
treemix	Other	147	1	5
perl-test-eol	Perl	147	1	1
snoscan	Perl	147	1	3
paraview	Python	145	1	20
perl-canary-stability	Perl	145	1	1
clinod	Python	145	1	3
ucsc-nettobed	Other	144	2	4
perl-btlib	Perl	144	1	1
rnftools	Python	144	4	13
stringmlst	Python	144	5	6
sixgill	Python	142	2	3
perl-test-xml	Perl	142	1	7
nanosim	Python	142	2	4
mir-prefer	Python	142	1	4
r-e1071	R	141	1	2
pybel	Python	141	2	9
r-emdbook	R	141	1	6
soapdenovo2-prepare	Other	141	1	2
vcflatten	Other	140	1	1
emirge	Python	139	1	10
perl-test-notabs	Perl	139	1	1
metameta	Other	139	3	1
perl-io-prompt	Perl	139	1	3
ra-integrate	Other	138	1	4
sga	Other	138	1	1
perl-types-serialiser	Perl	137	1	2
bioconductor-noiseq	Bioconductor	137	2	2
perl-pbkdf2-tiny	Perl	137	1	1
r-compquadform	R	136	1	1
biomaj	Python	136	1	9
eta	Python	136	1	1
breakdancer	Other	136	1	4
r-gam	R	136	2	3
genblasta	Other	136	1	1
zifa	Python	136	1	1
splitmem	Other	134	1	1
sharedmem	Python	134	1	2
msstitch	Python	134	5	6
nanoplot	Python	133	2	12
bioconductor-flowutils	Bioconductor	133	1	7
schavott	Python	132	3	6
perl-devel-symdump	Perl	131	1	1
e-pcr	Other	130	1	1
r-jpeg	R	130	1	2
r-ahocorasicktrie	R	130	1	2
chainmap	Python	130	1	1
bucketcache	Python	129	1	8
bioconductor-ggcyto	Bioconductor	129	2	10
effectivet3	Python	129	1	2
visceral-evaluatesegmentation	Other	128	1	2
python-tripal	Python	128	7	2
bioconductor-motiv	Bioconductor	127	2	7
savage	Python	127	3	4
spectacle	Other	126	1	3
nextgenmap	Other	126	1	1
bioconductor-flowsom	Bioconductor	126	1	8
methyldackel	Other	126	3	1
perl-hpc-runner	Perl	126	1	11
python-hivclustering	Python	125	1	4
pylibseq	Python	125	2	3
hicup	Perl	124	1	5
metaseq-all	Other	123	1	7
perl-pod-escapes	Perl	123	1	2
plink	Other	122	1	1
dammit	Python	122	1	19
r-sqldf	R	122	1	6
braker	Other	121	1	4
crispresso	Python	121	4	16
sina	Other	121	2	0
ghmm	Python	121	1	3
genomicassertions	Python	121	1	3
r-rmysql	R	120	1	6
r-plasmidprofiler	R	120	2	15
estmapper	Python	119	1	3
stacks_summary	Python	119	2	2
icqsol	Python	118	2	5
bioconductor-ringo	Bioconductor	118	2	7
r-truncnorm	R	118	1	1
soapdenovo2-gapcloser	Other	118	1	2
iva	Python	118	2	8
perl-test	Perl	117	1	2
pyrad	Python	117	1	6
addrg	Other	117	3	2
dudes	Python	117	2	3
perl-biox-workflow-plugin-fileexists	Perl	117	1	3
r-drc	R	116	1	8
azure-cli	Other	116	1	1
gdal	Other	115	1	1
neptune	Python	115	2	6
pyani	Python	115	2	12
intervaltree_bio	Python	115	1	2
nmrglue	Python	114	1	3
perl-estscan2	Perl	114	1	2
eoulsan	Other	114	1	1
xtermcolor	Python	113	1	1
mapdamage2	Python	113	1	3
ucsc-netsyntenic	Other	113	1	0
pronto	Python	112	1	3
ucsc-nettoaxt	Other	112	1	0
minialign	Other	112	5	2
r-klar	R	112	1	3
ucsc-netclass	Other	111	1	5
nlstradamus	Other	110	1	1
seqprep	Other	110	2	1
r-ampvis	R	110	1	18
openslide	Other	110	1	11
stellar	Other	110	1	0
r-gmodels	R	109	1	3
bioconductor-bionet	Bioconductor	109	2	6
r-openxlsx	R	109	1	2
pymvpa	Python	109	1	8
perl-biox-workflow-plugin-filedetails	Perl	109	1	5
represent	Python	109	1	2
r-rsolnp	R	109	1	2
pout2mzid	Other	108	1	4
dunovo	Python	108	6	8
spanki	Python	108	1	9
taxonkit	Other	107	3	0
nanofilt	Python	107	3	4
r-grimport	R	107	1	2
maker	Other	107	1	23
cmappy	Python	106	3	6
repeatscout	Other	106	1	1
libbambamc	Other	106	1	2
python-omero	Python	106	7	2
pythomics	Python	106	2	2
nanoraw	Python	106	5	7
r-giant	R	105	1	1
r-aod	R	105	1	1
r-delaporte	R	104	1	2
tgt	Python	104	1	2
atac	Python	104	1	2
pbdagcon	Other	104	1	4
r-argparser	R	104	1	1
mercat	Python	104	2	11
iqtree	Other	103	2	2
rnasnp	Other	103	1	1
rapclust	Python	103	2	6
r-segmented	R	103	1	1
swalign	Python	102	1	1
illuminate	Python	102	1	7
oligotyping	Python	102	2	15
metavelvet-sl-feature-extraction	Perl	102	1	3
segway	Python	101	3	12
bioconductor-chipseq	Bioconductor	100	2	7
tn93	Other	100	2	1
bpipe	Other	100	1	1
garnet	Python	99	5	7
r-gbm	R	99	2	3
perl-time-piece	Perl	99	1	1
recon	Other	99	1	1
nanosim-h	Python	99	1	5
nudup	Python	98	3	2
r-speaq	R	98	3	2
edlib	Other	97	3	1
rpkmforgenes	Python	96	1	3
cgat-scripts	Python	96	3	26
kraken-ea	Perl	96	1	3
musicc	Python	96	1	5
enasearch	Python	95	5	6
r-aroma.core	R	95	2	13
ngsutils	Python	95	1	7
shiver	Python	95	3	9
bioconductor-gsva	Bioconductor	95	2	4
pbcommand	Python	94	2	6
bioconductor-iwtomics	Bioconductor	94	1	7
phyloflash	Perl	93	1	15
jannovar-cli	Other	93	4	1
bioconductor-hsmmsinglecell	Bioconductor	93	1	2
qorts	Python	93	1	2
fastuniq	Other	92	1	1
nanocall	Other	92	4	2
sak	Other	92	1	0
bats	Other	92	1	0
bioconductor-txdb.hsapiens.ucsc.hg38.knowngene	Bioconductor	92	1	4
bioconductor-motifdb	Bioconductor	91	2	6
r-learnbayes	R	91	1	1
norns	Python	91	1	4
gustaf	Other	91	1	0
r-mixtools	R	91	1	4
dcmtk	Other	91	1	7
svviz	Python	91	2	7
perl-class-load	Perl	90	1	8
r-r.devices	R	90	1	5
ecmwfapi	Python	89	1	1
bioconductor-rots	Bioconductor	89	2	3
pyopt	Python	89	1	3
geodl	Python	89	1	4
bioconductor-txdb.mmusculus.ucsc.mm10.knowngene	Bioconductor	89	1	4
perl-hpc-runner-scheduler	Perl	89	1	11
r-diptest	R	89	1	2
bioconductor-txdb.hsapiens.ucsc.hg18.knowngene	Bioconductor	88	1	4
detonate	Perl	88	1	6
pasta	Python	88	2	6
manormfast	Python	87	1	5
metametamerge	Python	87	2	3
bioconductor-txdb.mmusculus.ucsc.mm9.knowngene	Bioconductor	87	1	4
r-bigmemory.sri	R	87	1	1
obitools	Python	87	3	8
racon	Python	86	1	6
ucsc-netchainsubset	Other	86	1	4
ddrage	Python	86	5	6
r-aroma.affymetrix	R	86	2	13
r-solarius	R	86	1	4
seedme	Python	86	2	3
repeatmodeler	Perl	86	1	6
bioconductor-txdb.rnorvegicus.ucsc.rn4.ensgene	Bioconductor	86	1	4
ucsc-liftup	Other	86	1	4
pypeflow	Python	85	1	1
moca	Python	85	3	27
fastaindex	Python	85	1	2
mzml2isa	Python	85	1	5
bioconductor-motifstack	Bioconductor	84	2	7
perl-excel-writer-xlsx	Perl	84	1	2
gfapy	Python	84	3	1
tabulate	Python	84	1	1
r-outliers	R	84	1	1
bioconductor-txdb.celegans.ucsc.ce6.ensgene	Bioconductor	84	1	4
behst	Python	83	6	8
perl-lib	Perl	83	1	1
relocate2	Python	83	2	9
plant_tribes_gene_family_classifier	Perl	82	5	3
piler	Other	82	1	1
r-bigmemory	R	82	1	5
r-rtsne	R	82	1	2
hardklor	Other	82	1	1
perl-posix	Perl	82	1	1
bioconductor-bsgenome.mmusculus.ucsc.mm10	Bioconductor	82	1	3
treebest	Other	82	1	0
breseq	Other	82	1	4
perl-bio-eutilities	Perl	81	1	22
perl-symbol	Perl	81	1	1
bio_hansel	Python	81	2	6
mgkit	Python	80	2	10
r-r.rsp	R	80	1	5
smhasher	Python	80	1	2
epydoc	Python	80	1	1
r-r.filesets	R	80	1	8
r-inlinedocs	R	80	1	1
cansam	Other	80	1	3
wdltool	Python	79	2	1
snp-sites	Other	79	2	2
platypus-conquistador	Python	78	1	3
networkxgmml	Python	78	1	3
pplacer	Other	78	1	0
bioconductor-scan.upc	Bioconductor	78	1	11
metavelvet-sl	Perl	78	1	6
hivtrace	Python	78	1	7
r-phonr	R	77	1	4
munkres	Python	77	1	1
bioconductor-mergemaid	Bioconductor	77	1	4
meryl	Other	77	1	1
r-cimpl	R	77	1	6
sim4db	Other	77	1	1
json_collect_data_source	Python	77	2	1
morpheus	Other	76	1	1
pywdl	Python	76	1	3
r-gamlss.data	R	76	1	1
imfusion	Python	76	2	20
haystack_bio	Other	75	2	14
r-kriging	R	75	1	1
r-spdep	R	75	1	11
pileometh	Other	75	1	1
bioconductor-heatplus	Bioconductor	75	2	2
graph_embed	Python	74	1	6
kiwidist	Python	74	3	7
r-rematch2	R	74	1	2
embassy-phylip	Other	74	1	2
r-gamlss.dist	R	74	1	2
r-algdesign	R	73	1	2
beast2	Other	73	1	7
bioconductor-deepsnv	Bioconductor	73	2	8
ucsc-mafsinregion	Other	73	1	0
perl-file-find	Perl	73	1	1
r-qiimer	R	73	1	2
r-pscl	R	72	1	3
gubbins	Python	72	1	8
r-wrassp	R	72	1	2
control-freec	Perl	72	2	4
perl-class-methodmaker	Perl	72	1	5
rna-seqc	Other	72	1	1
bioconductor-curatedovariandata	Bioconductor	72	1	3
r-scrm	R	71	2	2
nanostat	Python	71	2	3
perl-data-dump	Perl	71	1	2
samsift	Python	71	4	2
r-tfmpvalue	R	70	1	3
bioconductor-customprodb	Bioconductor	70	1	17
ucsc-lavtopsl	Other	70	1	4
bioconductor-roar	Bioconductor	70	2	9
soapec	Other	69	1	2
r-agricolae	R	69	1	7
taxmapper	Python	69	3	6
ushuffle	Python	69	2	1
r-gamlss	R	68	1	6
riboplot	Python	68	1	5
r-r.huge	R	68	1	4
myriad	Python	68	1	1
bioconductor-fgsea	Bioconductor	68	1	7
domclust	Perl	68	3	2
genomebaser	Python	68	1	3
bioconductor-repitools	Bioconductor	68	2	18
r-penalized	R	68	1	2
r-flexmix	R	68	1	5
bioconductor-qdnaseq.mm10	Bioconductor	67	2	2
r-itertools	R	67	1	2
r-rubic	R	67	2	6
r-skellam	R	67	1	2
ucsc-maftopsl	Other	67	1	4
r-gsmoothr	R	67	1	1
ucsc-maftoaxt	Other	67	1	0
bioconductor-chipqc	Bioconductor	66	2	24
mreps	Other	66	1	1
ucsc-maffrags	Other	66	1	0
ucsc-mafspecieslist	Other	66	1	0
ucsc-mafspeciessubset	Other	66	1	0
antarna	Python	66	1	6
kaptive	Python	66	2	3
r-sets	R	66	1	2
abyss-k128	Other	66	1	6
genomepy	Python	66	2	9
ucsc-mafsplit	Other	65	1	0
cmv	Other	65	3	8
ucsc-hgloadmaf	Other	65	1	0
scikits-datasmooth	Python	65	1	4
ucsc-maffilter	Other	65	1	0
sniffles	Other	65	3	4
python-cluster	Python	65	1	1
ucsc-hgloadchain	Other	65	1	4
ucsc-hgloadbed	Other	65	1	4
spingo	Other	65	1	2
ucsc-hgloadwiggle	Other	65	1	4
ucsc-mafsplitpos	Other	65	1	0
sweepfinder2	Other	65	1	1
ucsc-maftosnpbed	Other	65	1	4
ucsc-mafaddqrows	Other	65	1	0
ucsc-mafaddirows	Other	65	1	0
bioconductor-cardinal	Bioconductor	65	2	7
bioconductor-flowfp	Bioconductor	65	2	5
seq2hla	Python	65	1	4
r-aroma.apd	R	64	1	5
2pg_cartesian	Other	64	1	2
ucsc-maffrag	Other	64	1	0
ucsc-mafranges	Other	64	1	0
pythonnet	Python	64	1	3
ucsc-mafcoverage	Other	64	1	0
ucsc-maforder	Other	64	1	0
ericscript	Perl	64	1	8
midas	Python	64	2	8
perl-parent	Perl	63	1	1
r-rblast	R	63	1	3
ucsc-maffetch	Other	63	1	0
np-likeness-scorer	Python	63	1	2
ucsc-mafmefirst	Other	63	1	0
debwt	Other	63	1	2
ucsc-mafgene	Other	63	1	0
mimodd	Python	63	1	4
bioconductor-doppelgangr	Bioconductor	63	1	7
bioconductor-bsgenome.celegans.ucsc.ce10	Bioconductor	63	1	2
bioconductor-gothic	Bioconductor	63	2	12
rust-overlaps	Other	62	1	2
r-ptw	R	62	1	2
abawaca	Other	62	1	0
bioconductor-org.rn.eg.db	Bioconductor	62	1	2
mpa-portable	Python	62	1	2
bioconductor-pchicdata	Bioconductor	62	2	2
jaffa	Other	62	2	10
hlaprofiler	Other	62	5	8
footprint	Perl	62	1	8
perl-list-compare	Perl	62	1	1
bellmans-gapc	Other	61	1	3
gottcha	Perl	61	1	2
bioconductor-org.dr.eg.db	Bioconductor	61	1	2
outrigger	Python	61	1	10
perl-class-accessor	Perl	61	1	1
extract_genome_region	Python	61	1	3
xgboost	Python	61	1	5
hs-blastn	Other	61	1	2
bioconductor-methylpipe	Bioconductor	60	1	14
bioconductor-kcsmart	Bioconductor	60	2	4
pp	Python	60	2	1
dfam	Perl	60	1	4
perl-text-template	Perl	60	1	1
pbsim	Other	60	1	0
ucsc-gff3topsl	Other	60	1	4
vcf2maf	Perl	60	3	4
shovill	Perl	60	2	16
bioconductor-synergyfinder	Bioconductor	60	2	8
bioconductor-rnaseqpower	Bioconductor	60	2	1
perl-file-details	Perl	60	1	2
angsd	Other	60	1	2
perl-sub-name	Perl	60	1	1
perl-data-walk	Perl	59	1	1
r-fastica	R	59	1	2
perl-datetime-format-strptime	Perl	59	1	10
bioconductor-alpine	Bioconductor	59	2	14
uniprot	Python	58	1	2
abundancebin	Other	58	1	1
cap-mirseq	Perl	58	1	12
bioconductor-exomecopy	Bioconductor	58	1	5
rename	Perl	58	1	1
perl-file-compare	Perl	58	1	1
bioconductor-org.bt.eg.db	Bioconductor	58	1	2
hlama	Python	58	2	3
boutroslabplottinggeneral	Other	58	1	20
bioconductor-hom.hs.inp.db	Bioconductor	58	1	2
r-exomedepth	R	58	1	9
assemblyutility	Other	58	1	2
pyasp	Python	57	1	1
bioconductor-genebreak	Bioconductor	57	2	5
perl-test-trap	Perl	57	1	5
pacbio_falcon	Python	57	1	4
bioconductor-dirichletmultinomial	Bioconductor	56	2	5
music	Other	56	1	1
daisysuite	Other	56	4	14
intervene	Python	56	1	7
fwdpy	Python	56	1	5
bioconductor-biocviews	Bioconductor	56	1	7
quake	Python	56	1	6
wub	Python	56	1	13
bioconductor-probamr	Bioconductor	56	2	7
bioconductor-org.gg.eg.db	Bioconductor	56	1	2
dsrc	Other	56	1	3
perl-encode	Perl	55	1	3
hubward-all	Other	55	1	11
scoary	Python	55	1	5
emmix	Other	55	1	1
bioconductor-motifbreakr	Bioconductor	55	2	18
qiimetomaaslin	Python	55	1	2
bioconductor-bayseq	Bioconductor	55	1	4
sparseassembler	Other	55	1	2
bioconductor-piano	Bioconductor	55	2	8
nanonet	Python	55	1	13
tssar	Perl	55	1	5
bioconductor-prada	Bioconductor	54	1	6
kpal	Python	54	1	5
perl-cpan-meta	Perl	54	1	1
bioconductor-org.ss.eg.db	Bioconductor	54	1	2
soapdenovo2-errorcorrection	Other	54	1	2
dia_umpire	Python	54	1	2
r-som	R	54	1	2
bioconductor-org.cf.eg.db	Bioconductor	54	1	2
r-proxy	R	54	1	2
perl-safe	Perl	54	1	1
brass	Other	54	1	8
bioconductor-gcrma	Bioconductor	53	1	7
pepnovo	Other	53	1	1
cluster-picker	Other	53	1	1
motus	Perl	53	1	1
probamconvert	Python	53	3	11
trinculo	Other	53	1	2
r-mutationalpatterns	R	53	1	14
perl-grass	Perl	52	1	7
eqtlbma	Other	52	1	6
concoct	Python	52	1	12
agg	Other	52	1	2
pantools	Python	52	1	3
perl-module-metadata	Perl	52	1	1
bioconductor-bayespeak	Bioconductor	52	2	2
bioconductor-globaltest	Bioconductor	52	1	5
je-suite	Other	52	1	1
r-rphylip	R	52	1	3
crisper_recognition_tool	Python	51	1	2
corset	Other	51	1	1
pauvre	Python	51	1	4
mztosqlite	Python	51	1	2
starseqr	Python	51	1	10
r-relations	R	51	1	5
ngs-sdk	Other	51	1	0
bioconductor-ipo	Bioconductor	51	2	5
sparse-neighbors-search	Python	51	2	6
bioconductor-scater	Bioconductor	51	1	20
shorah	Python	51	2	5
pymix	Python	50	1	12
bioconductor-simpleaffy	Bioconductor	50	1	6
gfinisher	Python	50	1	2
mashtree	Perl	50	4	6
ococo	Other	50	1	2
r-misctools	R	49	1	1
fann	Other	49	1	1
bioconductor-splots	Bioconductor	49	1	2
pyhashxx	Python	49	1	1
fsnviz	Python	49	2	5
bioconductor-biseq	Bioconductor	49	1	13
r-minpack.lm	R	48	1	1
gdsctools	Python	48	2	17
pullseq	Other	48	1	3
eagle	Python	48	2	6
tadarida-d	Other	47	4	11
r-biglm	R	47	1	3
newick_utils	Other	47	1	2
bioconductor-mzid	Bioconductor	47	1	7
test-glibc	Other	47	1	0
shapeit	Other	47	1	2
seqmagick	Python	47	1	2
ray	Other	46	1	1
bioconductor-cager	Bioconductor	46	2	10
ale	Python	46	1	6
fishtaco	Python	46	1	7
setuptools_scm	Python	46	1	2
cansnper	Python	46	1	4
maaslin	Other	45	1	13
w4mclstrpeakpics	Other	45	1	4
spectra-cluster-cli	Python	45	1	2
bioconductor-cellhts2	Bioconductor	45	1	12
nmrpro	Python	45	1	4
bs-seeker2	Python	45	1	3
recycler	Python	45	2	5
bioconductor-pcaexplorer	Bioconductor	44	2	29
validate-fasta-database	Python	44	1	2
dextractor	Other	44	1	2
tadarida-c	Other	44	3	3
r-missforest	R	44	1	4
hclust2	Python	44	1	6
bioconductor-fdb.infiniummethylation.hg19	Bioconductor	44	1	7
baitfisher	Other	44	1	0
bioconductor-monocle	Bioconductor	44	1	26
gff3toembl	Python	43	1	3
andi	Other	43	1	3
verifybamid	Other	43	1	2
singularity	Other	43	1	0
secapr	Python	43	2	15
r-kernlab	R	43	1	2
nonpareil	Other	43	1	1
drive	Other	42	2	0
genomicconsensus	Python	42	1	7
perl-pod-usage	Perl	42	1	5
yaha	Other	42	1	1
bioconductor-ebarrays	Bioconductor	42	1	4
reago	Python	42	1	2
bioconductor-cellnoptr	Bioconductor	42	1	8
r-rcppgsl	R	42	1	3
r-logging	R	42	1	1
berokka	Perl	41	1	3
pathoscope	Python	41	1	3
r-prabclus	R	41	1	4
pydna	Python	41	1	9
r-matrixeqtl	R	41	1	1
wgs-assembler	Perl	41	1	11
perl-config-simple	Perl	41	1	1
r-trimcluster	R	41	1	2
perl-term-progressbar	Perl	41	1	8
plant_tribes_assembly_post_processor	Perl	41	3	8
r-microseq	R	40	1	3
ebisearch	Python	40	2	4
r-maxlik	R	40	1	3
damidseq_pipeline	Perl	40	1	5
bioconductor-profia	Bioconductor	40	1	9
medusa-data-fusion	Python	40	1	3
pbh5tools	Python	40	1	5
ont-fast5-api	Python	40	1	3
bracken	Python	40	1	5
maxentpy	Python	40	1	3
ecopy	Python	40	1	8
csb	Python	40	1	5
r-genabel.data	R	40	1	1
r-ddrtree	R	40	1	6
r-checkpoint	R	39	1	1
r-fpc	R	39	1	13
r-densityclust	R	39	1	3
mappy	Python	39	1	2
rdock	Perl	39	1	5
r-rgraphics	R	39	1	3
nanosimh	Python	39	1	5
perl-extutils-parsexs	Perl	38	1	1
r-rlist	R	38	1	5
nmrml2isa	Python	38	1	5
r-mitools	R	38	1	1
irfinder	Perl	38	2	3
bioconductor-quantsmooth	Bioconductor	38	1	2
r-flexclust	R	38	1	4
edittag	Python	38	1	2
soapdenovo-trans	Other	38	1	2
estscan	Other	38	1	0
pyquant-ms	Python	38	3	9
afterqc	Python	38	1	1
bioconductor-savr	Bioconductor	38	1	6
bioconductor-annotationfilter	Bioconductor	38	1	3
kronik	Other	38	1	1
fermikit	Perl	37	1	10
vcfkit	Python	37	1	18
expansionhunter	Other	37	2	3
rdfextras	Python	37	1	3
plant_tribes_gene_family_phylogeny_builder	Perl	37	2	3
axiome	Python	37	1	2
tetoolkit	Python	37	1	4
pycoqc	Python	37	1	6
mashmap	Other	37	1	2
spectral_hk	Other	37	1	0
bioconductor-cqn	Bioconductor	36	1	5
embl-api-validator	Python	36	1	2
assembly-stats	Other	36	1	1
r-caroline	R	36	1	1
bpp-core	Other	36	1	0
secimtools	Python	36	1	16
pvacseq	Python	36	1	6
perl-test-toolbox	Perl	36	1	1
connor	Python	36	1	4
bioconductor-signer	Bioconductor	36	2	12
orfm	Other	36	1	1
remurna	Other	36	1	1
bioconductor-ruvseq	Bioconductor	36	1	5
plant_tribes_kaks_analysis	Perl	36	2	5
r-rentrez	R	36	1	4
perl-number-misc	Perl	36	1	1
bioconductor-annaffy	Bioconductor	35	1	6
perl-string-util	Perl	35	1	3
r-nleqslv	R	35	1	1
soapsplice	Other	35	1	1
r-survey	R	35	1	4
r-soap-nmr	R	35	1	7
guidescan	Python	34	1	15
rust-bio-tools	Other	34	2	2
perl-estscan1	Perl	34	1	2
exparna	Other	34	1	2
tepid	Python	34	2	8
perl-digest-md5-file	Perl	34	1	2
bioconductor-stringdb	Bioconductor	34	1	10
dscr	Other	34	1	3
nanoqc	Python	34	1	5
data_hacks	Python	34	1	1
r-splitstackshape	R	34	1	2
bioconductor-amountain	Bioconductor	34	1	1
r-patpro	R	33	1	6
perl-io-handle	Perl	33	1	1
r-d3heatmap	R	33	1	6
r-peer	R	33	1	2
pauda	Other	33	1	2
perl-bio-cigar	Perl	33	1	12
python-chado	Python	33	3	5
sparc	Other	33	1	2
transrate-tools	Other	33	1	3
genologics	Python	33	1	2
qtip	Python	32	1	5
pancake	Python	32	1	3
bioconductor-mvcclass	Bioconductor	32	1	1
genonets	Python	32	1	3
bioconductor-snpstats	Bioconductor	32	1	5
ribodiff	Python	32	1	5
minimock	Python	32	1	1
triform2	Python	32	1	13
r-pack	R	32	1	1
bioconductor-affydata	Bioconductor	31	1	2
r-mmgenome	R	31	1	10
r-gdtools	R	31	1	7
bioconductor-illuminahumanmethylation450kanno.ilmn12.hg19	Bioconductor	31	1	3
irep	Python	31	1	7
plant_tribes_gene_family_aligner	Perl	31	2	4
canvas	Other	31	1	1
plant_tribes_gene_family_integrator	Perl	31	2	1
perl-par-dist	Perl	31	1	3
bamm	Python	31	1	8
sqlitebrowser	Other	31	1	3
perl-biox-workflow-command	Perl	31	2	37
bpp-seq	Other	30	1	1
bioconductor-streamer	Bioconductor	30	1	4
npyscreen	Python	30	1	2
bioconductor-rama	Bioconductor	30	1	1
ppanini	Python	30	2	5
r-speedglm	R	30	1	3
spectrassembler	Python	30	1	7
graphprot	Python	30	2	14
perl-term-encoding	Perl	30	1	1
r-shinyace	R	30	1	2
find_differential_primers	Python	30	2	7
perl-par	Perl	30	1	3
perl-getopt-argvfile	Perl	29	1	4
bctools	Perl	29	1	6
filtlong	Other	29	2	1
perl-module-scandeps	Perl	29	1	3
uropa	Python	29	1	14
inforna	Other	29	1	2
r-histonehmm	R	29	1	8
yass	Other	29	1	1
perl-cpan-shell	Perl	29	1	1
bioconductor-cntools	Bioconductor	29	1	2
bioconductor-microrna	Bioconductor	29	1	2
smallgenomeutilities	Python	29	1	5
dbg2olc	Other	29	1	5
metawatt	Other	29	1	11
bioconductor-roc	Bioconductor	28	1	1
koeken	Python	28	1	15
apoc	Other	28	1	1
discosnp	Other	28	1	2
bioconductor-psicquic	Bioconductor	28	1	7
plasmidtron	Python	28	1	6
bioconductor-risa	Bioconductor	28	1	7
mentalist	Other	28	1	3
bioconductor-pics	Bioconductor	28	1	7
edena	Other	28	1	1
r-relaimpo	R	28	1	6
bioconductor-txdb.dmelanogaster.ucsc.dm6.ensgene	Bioconductor	27	2	4
bioconductor-methylumi	Bioconductor	27	1	18
bioconductor-chronos	Bioconductor	27	1	10
bioconductor-m3drop	Bioconductor	27	1	6
bioconductor-bgeedb	Bioconductor	27	1	9
bioconductor-rtrm	Bioconductor	27	1	5
erne	Other	27	1	4
bioconductor-bsgenome.hsapiens.ucsc.hg38	Bioconductor	27	1	3
mixcr	Other	27	1	1
bioconductor-bacon	Bioconductor	26	1	4
basic	Python	26	1	2
presto	Python	26	1	8
bioconductor-ncigraph	Bioconductor	26	1	6
saffrontree	Python	26	1	6
bioconductor-dnashaper	Bioconductor	26	1	5
bioconductor-acde	Bioconductor	26	1	2
structure	Other	26	1	1
bioconductor-gaga	Bioconductor	26	1	5
cmph	Other	26	1	0
metavelvet-annois	Perl	26	1	2
bioconductor-viper	Bioconductor	26	1	5
primerprospector	Python	25	1	4
extern	Python	25	1	1
bioconductor-rtcgatoolbox	Bioconductor	25	1	8
bioconductor-cfassay	Bioconductor	25	1	1
reveal	Python	25	1	6
ngseqbasic	Perl	25	1	11
perl-hpc-runner-command-plugin-logger-sqlite	Perl	25	1	15
ecopcr	Python	25	1	4
fastq-and-furious	Python	25	1	2
mapsembler2	Other	25	1	2
bioconductor-txdb.rnorvegicus.ucsc.rn5.refgene	Bioconductor	25	2	4
peakachu	Python	25	1	13
bioconductor-acgh	Bioconductor	25	1	5
bioconductor-txdb.rnorvegicus.ucsc.rn6.refgene	Bioconductor	25	2	4
transcomb	Other	25	1	6
nanosplit	Python	25	1	5
bioconductor-biocworkflowtools	Bioconductor	25	1	7
quorum	Perl	25	1	3
bioconductor-aseb	Bioconductor	25	1	1
bioconductor-asgsca	Bioconductor	24	1	3
bioconductor-bhc	Bioconductor	24	1	1
r-qlcmatrix	R	24	1	3
disco	Other	24	1	3
bcftools-snvphyl-plugin	Other	24	2	5
r-extrafontdb	R	24	1	1
riboseed	Python	24	1	17
r-rttf2pt1	R	24	1	1
perl-extutils-config	Perl	24	1	1
bioconductor-cand	Bioconductor	24	1	3
bioconductor-antiprofiles	Bioconductor	24	1	3
minvar	Python	24	2	13
bioconductor-causalr	Bioconductor	24	1	2
r-kmsurv	R	24	1	1
bioconductor-agdex	Bioconductor	24	1	3
orthomcl	Perl	24	1	4
gtf_to_genes	Python	24	1	1
commet	Python	24	1	5
bioconductor-cellgrowth	Bioconductor	24	1	3
bioconductor-bgmix	Bioconductor	24	1	2
itsx	Perl	24	1	2
perl-config-tiny	Perl	24	1	2
bioconductor-mbttest	Bioconductor	24	1	3
bioconductor-asafe	Bioconductor	24	1	1
bioconductor-nem	Bioconductor	24	1	10
r-factominer	R	23	2	10
bioconductor-annotationtools	Bioconductor	23	1	2
bioconductor-metahdep	Bioconductor	23	1	1
perl-date-manip	Perl	23	1	4
bioconductor-calib	Bioconductor	23	1	2
r-matlab	R	23	1	1
bioconductor-bader	Bioconductor	23	1	1
bioconductor-purecn	Bioconductor	23	1	18
bioconductor-affyexpress	Bioconductor	23	1	3
bioconductor-sights	Bioconductor	23	1	6
bioconductor-cghmcr	Bioconductor	23	1	5
msproteomicstools	Python	23	1	12
bioconductor-affypdnn	Bioconductor	23	1	2
bioconductor-suprahex	Bioconductor	23	1	4
bioconductor-cellmapper	Bioconductor	23	1	2
bioconductor-globalseq	Bioconductor	23	1	1
targqc	Python	23	1	22
treetime	Python	23	1	6
dsk	Other	23	1	2
r-r2html	R	23	1	1
bioconductor-path2ppi	Bioconductor	23	1	2
bioconductor-beclear	Bioconductor	23	1	3
perl-log-any	Perl	23	1	3
bioconductor-cancermutationanalysis	Bioconductor	23	1	4
bioconductor-cghregions	Bioconductor	23	1	3
bioconductor-aims	Bioconductor	22	1	3
bioconductor-casper	Bioconductor	22	1	19
bioconductor-mergeomics	Bioconductor	22	1	1
bioconductor-mbamethyl	Bioconductor	22	1	1
metaprob	Other	22	1	3
bioconductor-swath2stats	Bioconductor	22	1	4
bioconductor-a4preproc	Bioconductor	22	1	2
bioconductor-a4core	Bioconductor	22	1	3
bioconductor-slqpcr	Bioconductor	22	1	1
bioconductor-quantro	Bioconductor	22	1	8
bioconductor-annotationfuncs	Bioconductor	22	1	3
bioconductor-netpathminer	Bioconductor	22	1	2
xcftools	Other	22	1	3
r-mlgt	R	22	1	2
intemap	Python	22	1	7
kissplice	Python	22	1	3
bioconductor-atlasrdf	Bioconductor	22	1	3
bioconductor-seqtools	Bioconductor	22	1	2
bioconductor-affycomp	Bioconductor	22	1	2
bioconductor-aspli	Bioconductor	22	1	13
bioconductor-trio	Bioconductor	22	1	1
bioconductor-anota	Bioconductor	22	1	3
bioconductor-degseq	Bioconductor	22	1	3
bioconductor-netbiov	Bioconductor	22	1	2
megagta	Python	22	1	4
bioconductor-ntw	Bioconductor	22	1	2
rmap	Other	22	1	1
perl-par-packer	Perl	22	1	7
bioconductor-meshsim	Bioconductor	22	1	3
bioconductor-macorrplot	Bioconductor	22	1	2
r-cnogpro	R	22	1	2
bioconductor-basespacer	Bioconductor	22	1	3
r-micropan	R	22	1	3
merlin	Other	22	1	1
bioconductor-acme	Bioconductor	22	1	3
bioconductor-txdb.celegans.ucsc.ce11.refgene	Bioconductor	22	2	4
bioconductor-arraytools	Bioconductor	22	1	5
frc	Other	22	1	3
bioconductor-aldex2	Bioconductor	22	1	6
bioconductor-twilight	Bioconductor	22	1	2
bioconductor-splinter	Bioconductor	22	1	14
rdp-readseq	Other	22	1	1
bioconductor-beat	Bioconductor	21	1	5
bioconductor-massarray	Bioconductor	21	1	1
bioconductor-multidataset	Bioconductor	21	1	7
bioconductor-rpa	Bioconductor	21	1	4
bioconductor-beadarraysnp	Bioconductor	21	1	3
bioconductor-oppar	Bioconductor	21	1	4
bioconductor-mirsynergy	Bioconductor	21	1	8
bioconductor-mgfr	Bioconductor	21	1	3
bioconductor-arrayquality	Bioconductor	21	1	6
bioconductor-adsplit	Bioconductor	21	1	7
bioconductor-rgsepd	Bioconductor	21	1	10
mdust	Other	21	1	1
bioconductor-teqc	Bioconductor	21	1	6
bioconductor-snpediar	Bioconductor	21	1	3
r2r	Perl	21	1	3
bioconductor-absseq	Bioconductor	21	1	3
bioconductor-santa	Bioconductor	21	1	4
bioconductor-pcan	Bioconductor	21	1	2
bioconductor-massir	Bioconductor	21	1	5
bioconductor-ternarynet	Bioconductor	21	1	2
bioconductor-rlmm	Bioconductor	21	1	2
bioconductor-bgafun	Bioconductor	21	1	4
bioconductor-spia	Bioconductor	21	1	2
bioconductor-myvariant	Bioconductor	21	1	9
r-extrafont	R	21	1	3
mglex	Python	21	1	5
bioconductor-pathnet	Bioconductor	21	1	1
bioconductor-xde	Bioconductor	21	1	7
bioconductor-smap	Bioconductor	21	1	1
bioconductor-sushi	Bioconductor	21	1	3
ecoprimers	Other	21	1	2
bioconductor-mirnatap	Bioconductor	21	1	7
bioconductor-sscu	Bioconductor	21	1	4
bioconductor-weaver	Bioconductor	21	1	3
bioconductor-bicare	Bioconductor	21	1	4
bioconductor-multimed	Bioconductor	21	1	1
bioconductor-bcrank	Bioconductor	21	1	2
bioconductor-bbcanalyzer	Bioconductor	21	1	7
bioconductor-rnaseqmap	Bioconductor	21	1	9
bioconductor-rnaseqcomp	Bioconductor	21	1	2
bioconductor-mirnapath	Bioconductor	21	1	1
dascrubber	Other	21	1	1
bioconductor-squadd	Bioconductor	21	1	2
seq-gen	Other	21	1	0
bioconductor-sagenhaft	Bioconductor	21	1	2
bioconductor-rgsea	Bioconductor	21	1	2
bpp-phyl	Other	21	1	1
bioconductor-methylseekr	Bioconductor	21	1	7
bioconductor-rpx	Bioconductor	20	1	3
bioconductor-tspair	Bioconductor	20	1	2
bioconductor-pvac	Bioconductor	20	1	3
bioconductor-osat	Bioconductor	20	1	1
talloc	Other	20	1	0
bioconductor-pkgdeptools	Bioconductor	20	1	3
bioconductor-pepxmltab	Bioconductor	20	1	2
perl-extutils-installpaths	Perl	20	1	3
bioconductor-sispa	Bioconductor	20	1	7
bioconductor-peca	Bioconductor	20	1	8
bioconductor-spktools	Bioconductor	20	1	4
perl-mixin-linewise	Perl	20	1	3
bioconductor-targetscore	Bioconductor	20	1	3
bioconductor-mdqc	Bioconductor	20	1	3
perl-test-longstring	Perl	20	1	3
perl-onto-perl	Perl	20	1	2
bioconductor-rcaspar	Bioconductor	20	1	1
log4cpp	Other	20	1	0
bioconductor-varianttools	Bioconductor	20	1	15
bioconductor-rdgidb	Bioconductor	20	1	3
bioconductor-similarpeak	Bioconductor	20	1	2
adam	Other	20	1	2
bioconductor-tarseqqc	Bioconductor	20	2	16
transtermhp	Other	20	1	1
ngshmmalign	Other	20	1	2
bioconductor-rnaprobr	Bioconductor	20	1	9
gqt	Other	20	1	2
novoplasty	Perl	20	1	3
bioconductor-nudge	Bioconductor	20	1	1
bioconductor-mpfe	Bioconductor	20	1	1
bioconductor-rbioinf	Bioconductor	20	1	2
bioconductor-messina	Bioconductor	20	1	6
bioconductor-ssize	Bioconductor	20	1	3
bioconductor-promise	Bioconductor	20	1	3
bioconductor-annmap	Bioconductor	20	1	11
bioconductor-mvgst	Bioconductor	19	1	10
bioconductor-qusage	Bioconductor	19	1	5
bioconductor-maanova	Bioconductor	19	1	2
bioconductor-nnnorm	Bioconductor	19	1	3
bioconductor-tweedeseq	Bioconductor	19	1	5
bioconductor-splicer	Bioconductor	19	1	8
bioconductor-metacca	Bioconductor	19	1	1
bioconductor-manta	Bioconductor	19	1	4
bioconductor-polyfit	Bioconductor	19	1	2
bioconductor-mirage	Bioconductor	19	1	5
bioconductor-proper	Bioconductor	19	1	2
bioconductor-ramigo	Bioconductor	19	1	7
bioconductor-mbased	Bioconductor	19	1	6
bioconductor-sigpathway	Bioconductor	19	1	1
bioconductor-sagx	Bioconductor	19	1	3
bioconductor-methped	Bioconductor	19	1	3
bioconductor-omiccircos	Bioconductor	19	1	2
bioconductor-npgsea	Bioconductor	19	1	4
r-gpseq	R	19	1	1
perl-data-utilities	Perl	19	1	2
bioconductor-ogsa	Bioconductor	19	1	4
bioconductor-rrho	Bioconductor	19	1	2
bioconductor-metaseq	Bioconductor	19	1	4
bioconductor-psea	Bioconductor	19	1	3
bioconductor-pviz	Bioconductor	19	1	7
bioconductor-readqpcr	Bioconductor	19	1	3
bioconductor-nucleosim	Bioconductor	19	1	3
bioconductor-meshdbi	Bioconductor	19	1	5
perl-extutils-helpers	Perl	19	1	2
bioconductor-occugene	Bioconductor	19	1	1
bioconductor-mgsa	Bioconductor	19	1	2
bioconductor-omicade4	Bioconductor	19	1	3
bioconductor-rain	Bioconductor	19	1	3
bioconductor-multiscan	Bioconductor	19	1	2
bioconductor-rbsurv	Bioconductor	19	1	3
bioconductor-tigre	Bioconductor	19	1	8
bioconductor-mdgsa	Bioconductor	19	1	7
bioconductor-vega	Bioconductor	19	1	1
bioconductor-plgem	Bioconductor	19	1	3
bioconductor-outlierd	Bioconductor	19	1	3
bioconductor-michip	Bioconductor	19	1	2
bioconductor-switchbox	Bioconductor	19	1	3
bioconductor-txdb.hsapiens.ucsc.hg19.lincrnastranscripts	Bioconductor	19	1	4
lsd	Other	19	1	1
bioconductor-qrqc	Bioconductor	19	1	10
bioconductor-txdb.drerio.ucsc.danrer10.refgene	Bioconductor	19	1	4
bioconductor-mantelcorr	Bioconductor	19	1	1
bioconductor-nucler	Bioconductor	19	1	8
r-km.ci	R	19	1	2
bioconductor-xmapbridge	Bioconductor	19	1	1
bioconductor-parody	Bioconductor	19	1	1
bioconductor-stepnorm	Bioconductor	19	1	3
bioconductor-mgfm	Bioconductor	19	1	3
bioconductor-sangerseqr	Bioconductor	19	1	3
bioconductor-qpcrnorm	Bioconductor	19	1	4
bioconductor-splicegear	Bioconductor	19	1	4
bioconductor-sseq	Bioconductor	19	1	3
bioconductor-semdist	Bioconductor	18	1	4
bioconductor-pickgene	Bioconductor	18	1	2
bioconductor-rbowtie	Bioconductor	18	1	1
bioconductor-tscan	Bioconductor	18	1	10
bioconductor-oscope	Bioconductor	18	1	5
bioconductor-triform	Bioconductor	18	1	4
bioconductor-txdb.scerevisiae.ucsc.saccer2.sgdgene	Bioconductor	18	1	4
bioconductor-rmat	Bioconductor	18	1	5
bioconductor-transview	Bioconductor	18	1	8
bioconductor-timecourse	Bioconductor	18	1	5
bioconductor-panp	Bioconductor	18	1	3
bioconductor-simbindprofiles	Bioconductor	18	1	5
bioconductor-uniprot.ws	Bioconductor	18	1	5
bioconductor-cner	Bioconductor	18	2	20
rascaf	Other	18	1	2
bioconductor-rnits	Bioconductor	18	1	9
ntcard	Other	18	1	2
perl-math-combinatorics	Perl	18	1	1
bioconductor-rbcbook1	Bioconductor	18	1	4
paladin	Other	18	1	3
bioconductor-mlp	Bioconductor	18	1	8
bioconductor-plier	Bioconductor	18	1	3
bioconductor-mops	Bioconductor	18	1	2
perl-image-exiftool	Perl	18	1	1
bioconductor-recoup	Bioconductor	18	1	10
bioconductor-mulcom	Bioconductor	18	1	3
bioconductor-rrdp	Bioconductor	18	1	2
bioconductor-starank	Bioconductor	18	1	2
r-downloader	R	18	1	2
bioconductor-rtca	Bioconductor	18	1	4
bioconductor-podkat	Bioconductor	18	1	11
bioconductor-rontotools	Bioconductor	18	1	6
bioconductor-spem	Bioconductor	18	1	3
bioconductor-paircompviz	Bioconductor	18	1	2
bioconductor-plw	Bioconductor	18	1	3
bioconductor-makecdfenv	Bioconductor	18	1	5
bioconductor-specond	Bioconductor	18	1	6
bioconductor-subseq	Bioconductor	18	1	9
bioconductor-methylmnm	Bioconductor	18	1	3
bioconductor-segmentseq	Bioconductor	18	1	9
takeabreak	Other	18	1	2
bioconductor-sizepower	Bioconductor	18	1	1
pyscaf	Python	18	1	2
bioconductor-r3cseq	Bioconductor	18	1	12
bioconductor-r4rna	Bioconductor	18	1	2
bioconductor-methtargetedngs	Bioconductor	18	1	5
bioconductor-triplex	Bioconductor	18	1	6
bioconductor-snphood	Bioconductor	18	1	21
zagros	Other	18	1	2
bioconductor-switchde	Bioconductor	18	1	4
rmats2sashimiplot	Python	18	1	5
bioconductor-randpack	Bioconductor	18	1	2
bioconductor-sspa	Bioconductor	18	1	4
bioconductor-olin	Bioconductor	18	1	4
bioconductor-pepstat	Bioconductor	18	1	9
bioconductor-rtreemix	Bioconductor	18	1	4
bioconductor-ssviz	Bioconductor	18	1	6
perl-test-classapi	Perl	18	1	6
bioconductor-pannbuilder	Bioconductor	18	1	5
bioconductor-rimmport	Bioconductor	18	1	8
bioconductor-mmnet	Bioconductor	18	1	14
bioconductor-swathxtend	Bioconductor	18	1	5
bioconductor-rfpred	Bioconductor	18	1	5
bioconductor-rsvsim	Bioconductor	18	1	5
bioconductor-rtopper	Bioconductor	18	1	4
bioconductor-safe	Bioconductor	18	1	4
bioconductor-otubase	Bioconductor	18	1	7
bioconductor-roleswitch	Bioconductor	18	1	9
bioconductor-rbm	Bioconductor	18	1	3
bioconductor-sepa	Bioconductor	18	1	8
bioconductor-papi	Bioconductor	18	1	3
bioconductor-ripseeker	Bioconductor	18	1	8
bioconductor-tssi	Bioconductor	18	1	8
graftm	Python	18	1	10
bioconductor-rgraph2js	Bioconductor	18	1	5
bioconductor-macat	Bioconductor	18	1	3
bioconductor-rols	Bioconductor	18	1	5
bioconductor-sscore	Bioconductor	18	1	3
bioconductor-vbmp	Bioconductor	18	1	1
bioconductor-txdb.scerevisiae.ucsc.saccer3.sgdgene	Bioconductor	18	1	4
bioconductor-xbseq	Bioconductor	18	1	10
bioconductor-seqgsea	Bioconductor	18	1	5
bioconductor-rgreat	Bioconductor	18	1	6
perl-io-uncompress-gunzip	Perl	18	1	1
bioconductor-sgseq	Bioconductor	18	1	15
bioconductor-spikeli	Bioconductor	18	1	1
bioconductor-stategra	Bioconductor	18	1	11
bioconductor-mipp	Bioconductor	18	1	4
bioconductor-traser	Bioconductor	18	1	4
bioconductor-titancna	Bioconductor	18	1	6
bioconductor-riboseqr	Bioconductor	18	1	8
bioconductor-starr	Bioconductor	18	1	7
mintmap	Other	17	1	1
proot	Other	17	1	1
hapflk	Python	17	1	3
sff2fastq	Other	17	1	1
perl-net-ftp	Perl	17	1	1
nanolyse	Python	17	1	3
metacluster	Other	17	1	1
sonlib	Python	17	1	1
odose	Python	17	1	7
perl-test-inter	Perl	17	1	2
perl-constant	Perl	17	1	1
bioconductor-riboprofiling	Bioconductor	17	1	17
deltabs	Perl	17	1	4
r-george	R	16	1	4
ibdseq	Other	16	1	1
perl-tie-hash	Perl	16	1	1
fastahack	Other	16	1	1
flexbar	Other	16	1	5
taco	Python	16	1	3
mergevcf	Python	16	1	2
wheezy.template	Python	16	1	1
perl-yaml-tiny	Perl	16	1	1
extractpirs	Other	16	1	2
survivor	Other	16	1	1
perl-clone-pp	Perl	15	1	2
perl-io-gzip	Perl	15	1	2
pyprophet	Python	15	2	8
lsc	Python	15	1	4
snvphyl-tools	Perl	15	1	12
ibdne	Other	15	1	1
monovar	Python	15	1	4
r-locfdr	R	15	1	1
perl-sanger-allelecount	Perl	15	1	4
latentstrainanalysis	Python	15	1	6
roary2fripan.py	Python	15	1	1
lordec	Other	15	1	1
qfilt	Other	15	1	1
perl-pod-parser	Perl	15	1	2
perl-tie-hash-indexed	Perl	15	1	1
metfrag	Other	14	1	1
velvet-sc	Perl	14	1	2
r-alakazam	R	14	2	12
hichipper	Python	14	1	5
muse	Other	14	1	1
perl-module-load-conditional	Perl	14	1	1
ig-checkfcs	Other	14	1	2
perl-file-temp	Perl	14	1	7
libmuscle	Other	14	1	1
tedna	Other	14	1	2
perl-blib	Perl	14	1	1
gprofiler-official	Python	14	1	1
ebfilter	Python	14	1	5
irida-linker	Perl	14	1	9
disty	Other	14	1	1
scg	Python	14	1	6
bioconductor-msnbase	Bioconductor	14	1	21
smashbenchmarking	Python	13	1	4
translatorx	Perl	13	1	2
perl-bio-viennangs	Perl	13	1	8
phipack	Other	13	1	0
perl-class-load-xs	Perl	13	1	4
coprarna	Python	13	1	25
roprofile	Python	13	1	5
perl-pod-plaintext	Perl	13	1	1
perl-date-format	Perl	13	1	1
combined-pvalues	Python	13	1	5
netreg	Other	13	1	5
perl-locale	Perl	13	1	1
perl-crypt-openssl-random	Perl	13	1	2
pash	Other	13	1	3
perl-params-check	Perl	13	1	1
vnl	Other	13	1	1
perl-pod-simple-text	Perl	13	1	1
metaphyler	Perl	13	1	3
mdasim	Other	13	1	2
ascat	Other	13	1	4
fcp	Python	13	1	2
perl-dynaloader	Perl	13	1	1
ig-checkflowtypes	Other	12	1	2
perl-filter-simple	Perl	12	1	1
panoct	Perl	12	1	1
perl-digest-sha	Perl	12	1	1
chewbbaca	Python	12	1	7
pymot	Python	12	1	2
sphinx-argparse	Python	12	1	2
arem	Python	12	1	1
perl-io-scalar	Perl	12	1	1
spine	Perl	12	1	3
twopaco	Other	12	1	2
rgi_conda_dev	Python	12	1	8
perl-integer	Perl	12	1	1
perl-pod-checker	Perl	12	1	1
perl-net-netrc	Perl	12	1	1
perl-vars	Perl	12	1	1
ogdf	Other	12	1	0
perl-locale-maketext-simple	Perl	12	1	1
r-exactranktests	R	12	1	1
perl-io-compress-deflate	Perl	12	1	1
perl-symbol-util	Perl	12	1	2
perl-pod-coverage	Perl	12	1	4
perl-attribute-handlers	Perl	12	1	1
perl-autoloader	Perl	12	1	1
bioconductor-tfbstools	Bioconductor	12	2	21
indelfixer	Other	12	1	1
perl-mime-quotedprint	Perl	12	1	1
ribocode	Python	12	1	9
perl-json-parse	Perl	12	1	1
perl-perlio-encoding	Perl	12	1	1
perl-unicode-normalize	Perl	12	1	1
quasitools	Python	12	1	5
shapemapper	Python	12	1	6
perl-io-uncompress-rawinflate	Perl	12	1	1
mgs-canopy	Other	12	1	2
metavelvet-sl-pipeline	Perl	12	1	11
udocker	Python	12	1	4
vdjer	Other	12	1	2
perl-io-uncompress-bunzip2	Perl	12	1	1
perl-pod-coverage-trustpod	Perl	12	1	4
perl-crypt-openssl-rsa	Perl	12	1	2
pictrust	Python	12	1	4
perl-cpan-meta-validator	Perl	12	1	1
nanosv	Perl	12	1	1
perl-test-unit-lite	Perl	12	1	1
breakseq2	Python	12	1	6
perl-text-tabs	Perl	12	1	1
deepmedic	Other	12	1	6
perl-aliased	Perl	12	1	1
perl-pod-simple	Perl	12	1	4
perl-role-tiny-with	Perl	12	1	1
r-rcpptoml	R	12	1	3
prosolo	Other	12	1	3
abruijn	Python	11	1	2
xunit-wrapper	Python	11	1	3
perl-test-pod-coverage	Perl	11	1	2
roprofile.py	Python	11	1	5
r-qtl	R	11	1	2
perl-time-local	Perl	11	1	1
imseq	Other	11	1	2
semeta	Other	11	1	1
perl-tap-harness-env	Perl	11	1	1
yanagiba	Python	11	1	4
tantan	Other	10	1	0
cgview	Python	10	1	4
perl-sanger-cgp-vagrent	Perl	10	1	3
r-biganalytics	R	10	1	7
squeakr	Other	10	1	5
uritemplate	Python	10	1	1
gdc-client	Python	10	1	10
bioconductor-scran	Bioconductor	10	1	17
lap	Python	10	1	3
bioconductor-copynumber	Bioconductor	10	1	5
rad_haplotyper	Perl	10	1	15
virema	Python	9	1	2
sis	Python	9	1	3
tadtool	Python	9	1	5
cyvcf	Python	9	1	9
r-nhmmfdr	R	9	1	3
xyalign	Python	9	1	13
justbackoff	Python	9	1	1
perl-types-standard	Perl	8	1	6
sift4g	Other	8	1	1
bioconductor-jaspar2014	Bioconductor	8	1	3
mimeo	Python	8	1	4
qcumber	Python	8	1	24
cassiopee	Other	7	1	5
menetools	Python	7	1	2
pyimzml	Python	7	1	3
misopy	Python	7	1	7
bioconductor-hicrep	Bioconductor	7	1	1
prestor	Other	7	1	17
tirmite	Python	6	1	4
pyimagingmspec	Python	6	1	1
bioconductor-hmmcopy	Bioconductor	6	1	4
tinscan	Python	6	1	2
afplot	Python	6	1	9
meneco	Python	6	1	2
r-mqtl	R	6	1	4
bioconductor-compepitools	Bioconductor	6	1	15
barrnap-python	Python	6	1	2
bioconductor-treeio	Bioconductor	5	1	6
ideas	Other	5	1	2
bioconductor-mspurity	Bioconductor	5	1	12
bioconductor-matter	Bioconductor	5	1	4
r-argumentcheck	R	5	1	1
moff	Python	4	1	6
edd	Python	4	1	10
meraculous	Perl	4	1	6
swiftlink	Other	4	1	4
pypiper	Python	4	1	2
ghm	Other	4	1	1
bioconductor-soggi	Bioconductor	3	1	16
hmmcopy	Other	3	1	1
slncky	Python	3	1	4
simwalk2	Other	3	1	2
bioconductor-pcot2	Bioconductor	3	1	3
bioconductor-rtrmui	Bioconductor	3	1	6
eggnog-mapper	Python	3	1	2
bioconductor-qualifier	Bioconductor	3	1	13
bioconductor-chimeraviz	Bioconductor	3	1	29
bioconductor-pgsea	Bioconductor	3	1	6
bioconductor-metaarray	Bioconductor	3	1	3
galaxy-parsec	Python	3	1	8
bioconductor-jaspar2016	Bioconductor	3	1	2
allegro	Other	3	1	1
bioconductor-metcirc	Bioconductor	3	1	5
galaxy-ie-helpers	Python	3	1	2
tqdist	Other	3	1	1
bioconductor-plethy	Bioconductor	3	1	12
funcannot	Other	3	1	2
feht	Other	3	1	0
bioconductor-ping	Bioconductor	3	1	10
bioconductor-refnet	Bioconductor	3	1	7
genepender	Other	3	1	1
sprai	Python	2	1	7
curlywhirly	Other	2	1	1
flapjack	Other	1	1	1
tablet	Other	1	1	1
dialign-tx	Other	0	1	1
blastbesties	Python	0	1	1
binsanity	Python	0	1	6
dupre	Python	0	1	6
biskit	Python	0	1	4
